is	be
was	be
are	be
an	a
me	i
has	have
were	be
had	have
been	be
them	they
him	he
these	this
us	we
said	say
did	do
years	year
being	be
going	go
made	make
got	get
those	that
best	good
used	use
am	be
better	good
does	do
things	thing
found	find
days	day
doing	do
called	call
having	have
done	do
getting	get
looking	look
women	woman
times	time
making	make
told	tell
including	include
seen	see
states	state
based	base
men	man
took	take
came	come
went	go
later	late
says	say
children	child
trying	try
united	unite
using	use
makes	make
working	work
games	game
least	less
friends	friend
others	other
given	give
guys	guy
coming	come
hours	hour
known	know
lost	lose
m	be
started	start
taking	take
needs	need
playing	playe
saying	say
comes	come
looks	look
wanted	want
members	member
months	month
saw	see
fucking	fuck
taken	take
minutes	minute
services	service
asked	ask
media	medium
players	player
talking	talk
works	work
according	accord
kids	kid
heard	hear
gave	give
gets	get
students	student
words	word
held	hold
seems	seem
thinking	thinke
wants	want
played	play
points	point
results	result
running	run
shows	show
goes	go
killed	kill
eyes	eye
parents	parent
died	die
happened	happen
knew	know
issues	issue
problems	problem
rights	right
weeks	week
companies	company
higher	high
needed	need
takes	take
training	train
girls	girl
gone	gan
added	add
brought	bring
hands	hand
longer	long
received	receive
sent	send
tried	try
worked	work
areas	area
became	become
books	book
giving	give
meeting	meet
questions	question
lives	live
reading	read
countries	country
changes	change
groups	group
paid	pay
led	lead
looked	look
lower	low
involved	involve
related	relate
terms	term
decided	decide
met	meet
turned	turn
written	write
considered	consider
events	event
began	begin
built	build
changed	change
knows	know
ones	one
parts	part
published	publish
starting	start
systems	system
rules	rule
waiting	wait
ways	way
created	create
followed	follow
missing	miss
released	release
schools	school
cases	case
products	product
seeing	see
wrote	write
allowed	allow
boys	boy
fans	fan
gives	give
included	include
married	marry
places	place
limited	limit
moving	move
provided	provide
required	require
spent	spend
watching	watch
moved	move
plans	plan
described	describe
interesting	interest
kept	keep
leading	lead
loved	love
miles	mile
reported	report
feet	foot
conditions	condition
earlier	early
forces	force
jobs	job
leaving	leave
numbers	number
studies	study
winning	win
levels	level
posted	post
sold	sell
sounds	sound
teams	team
announced	announce
asking	ask
calling	call
continued	continue
costs	cost
designed	design
expected	expect
happens	happen
includes	include
developed	develope
goals	goal
interested	interest
lines	line
named	name
stories	story
workers	worker
families	family
features	feature
finished	finish
growing	growe
meant	mean
opening	open
sports	sport
biggest	big
reasons	reason
worst	bad
compared	compare
ended	end
fighting	fight
latest	late
learning	learn
older	old
passed	pass
pictures	picture
telling	tell
activities	activity
bought	buy
calls	call
details	detail
increased	increase
names	name
patients	patient
resources	resource
speaking	speak
supposed	suppose
caught	catch
closed	close
driving	drive
established	establish
feels	feel
greater	great
largest	large
planning	plan
programs	program
records	record
reports	report
shown	show
associated	associate
cars	car
effects	effect
holding	hold
laws	law
parties	party
worse	wrong
broken	break
caused	cause
characters	character
helped	help
killing	kill
lived	live
lots	lot
prices	price
rates	rate
showing	show
uses	use
comments	comment
meaning	mean
officers	officer
operations	operation
produced	produce
ran	run
claims	claim
highest	high
located	locate
offered	offer
putting	put
seconds	second
showed	show
standing	stand
stars	star
walking	walk
eating	eat
fell	fall
learned	learn
losing	lose
opened	open
placed	place
reached	reach
signed	sign
types	type
vs	versus
wearing	wear
agreed	agree
animals	animal
appears	appear
benefits	benefit
cities	city
ideas	idea
keeping	keep
notes	note
plays	play
raised	raise
runs	run
songs	song
sources	source
stopped	stop
appeared	appear
becomes	become
covered	cover
forced	force
mentioned	mention
missed	miss
photos	photo
starts	start
views	view
actions	action
arms	arm
failed	fail
larger	large
returned	return
seemed	seem
understanding	understand
becoming	become
employees	employee
follows	follow
individuals	individual
leaders	leader
projects	project
selling	sell
served	serve
happening	happen
nations	nation
provides	provide
smaller	small
users	user
arrived	arrive
continues	continue
greatest	great
leaves	leave
movies	movie
removed	remove
videos	video
customers	customer
dollars	dollar
helping	help
items	item
materials	material
shooting	shoot
standards	standard
tells	tell
thinks	think
carried	carry
classes	class
completed	complete
dogs	dog
drugs	drug
efforts	effort
inc	incorporated
skills	skill
thousands	thousand
units	unit
cards	card
changing	change
easier	easy
knowing	know
liked	like
managed	manage
owned	own
turns	turn
believed	believe
cells	cell
concerned	concern
ends	end
existing	exist
images	image
operating	operate
paying	pay
presented	present
thoughts	thought
weapons	weapon
breaking	break
discovered	discover
dont	do
excited	excite
funds	fund
helps	help
models	model
offers	offer
ordered	order
prepared	prepare
sites	site
stated	state
teachers	teacher
accounts	account
dropped	drop
figures	figure
forms	form
issued	issue
joined	join
lies	lie
likes	like
orders	order
sides	side
steps	step
citizens	citizen
decisions	decision
entered	enter
facts	fact
houses	house
introduced	introduce
links	link
matters	matter
picked	pick
pieces	piece
providing	provide
teaching	teach
watched	watch
windows	window
advanced	advance
articles	article
awards	award
bringing	bring
communities	community
drinking	drink
feelings	feeling
flying	fly
options	option
plants	plant
policies	policy
proposed	propose
signs	sign
spending	spend
supporting	support
tired	tire
treated	treat
turning	turn
arts	art
dating	date
elements	element
filled	fill
fixed	fixe
intended	intend
powers	power
soldiers	soldier
wins	win
banks	bank
bodies	body
brothers	brother
buildings	building
creating	create
grew	grow
homes	home
listed	list
noted	note
planned	plan
sets	set
trees	tree
younger	young
attacks	attack
charges	charge
combined	combine
connected	connect
contains	contain
formed	form
increasing	increase
methods	method
officials	official
performed	perform
relationships	relationship
selected	select
shared	share
shopping	shop
stuck	stick
suggested	suggest
supported	support
surprised	surprise
taught	teach
accepted	accept
adding	add
affairs	affair
allows	allow
applied	apply
artists	artist
ca	can
confirmed	confirm
grown	grow
heads	head
hoping	hope
keeps	keep
legs	leg
lying	lie
measures	measure
organizations	organization
pulled	pull
regarding	regard
relations	relation
requires	require
saved	save
shoes	shoe
testing	test
tests	test
values	value
walked	walk
ya	you
businesses	business
developing	develop
elections	election
facilities	facility
falling	fall
guns	gun
interests	interest
letters	letter
listening	listen
ll	will
loves	love
recorded	record
sharing	share
streets	street
committed	commit
focused	focus
hits	hit
leads	lead
owners	owner
posts	post
properties	property
revealed	reveal
taxes	tax
acts	act
affected	affect
applications	application
approved	approve
arrested	arrest
claimed	claim
considering	consider
determined	determine
documents	document
extended	extend
factors	factor
faster	fast
films	film
flowers	flower
ladies	lady
lay	lie
lights	light
millions	million
mixed	mixe
reduced	reduce
requirements	requirement
residents	resident
sat	sit
troops	troop
votes	vote
authorities	authority
causes	cause
collected	collect
dying	die
elected	elect
examples	example
experienced	experience
falls	fall
fired	fire
forgot	forget
identified	identify
inspired	inspire
launched	launch
noticed	notice
passing	pass
positions	position
remaining	remain
scored	score
shots	shot
stores	store
worried	worry
allowing	allow
begins	begin
charged	charge
delivered	deliver
estimated	estimate
moments	moment
pages	page
remained	remain
talked	talk
vehicles	vehicle
voted	vote
voting	vote
walls	wall
brings	bring
carrying	carry
chosen	choose
destroyed	destroy
finds	find
granted	grant
humans	human
hundreds	hundred
improved	improve
laughing	laugh
markets	market
opportunities	opportunity
papers	paper
referred	refer
sending	send
spoke	speak
stands	stand
talks	talk
answers	answer
birds	bird
dealing	deal
directed	direct
don	do
fields	field
goods	good
holds	hold
offering	offer
painting	paint
returns	return
scared	scare
shares	share
statistics	statistic
tickets	ticket
wales	wale
adults	adult
appointed	appoint
armed	arm
circumstances	circumstance
communications	communication
concerns	concern
controlled	control
deals	deal
devices	device
dreams	dream
enjoyed	enjoy
explained	explain
faces	face
folks	folk
fucked	fuck
matches	match
moves	move
realized	realize
receiving	receive
saving	save
sees	see
singing	singe
tools	tool
wars	war
conducted	conduct
decades	decade
dedicated	dedicate
institutions	institution
reviews	review
scenes	scene
seeking	seek
teeth	tooth
tips	tip
trained	train
understood	understand
em	they
harder	hard
occurred	occur
stood	stand
assets	asset
candidates	candidate
crying	cry
defined	define
depending	depend
drivers	driver
laid	lay
partners	partner
performing	perform
rooms	room
sleeping	sleep
ve	have
victims	victim
agents	agent
chose	choose
declared	declare
doctors	doctor
earned	earn
experiences	experience
headed	head
jr	junior
practices	practice
replaced	replace
roads	road
ships	ship
staying	stay
stronger	strong
updated	update
writers	writer
agencies	agency
checked	check
dates	date
degrees	degree
democrats	democrat
doors	door
driven	drive
linked	link
messages	message
politicians	politician
refused	refuse
reporting	report
ages	age
causing	cause
deaths	death
depends	depend
drawn	draw
fees	fee
hidden	hide
invited	invite
letting	let
pounds	pound
puts	put
regions	region
represented	represent
seats	seat
stayed	stay
suffering	suffer
tries	try
wondering	wonder
attached	attach
attacked	attack
balls	ball
bills	bill
differences	difference
engaged	engage
experts	expert
expressed	express
recognized	recognize
registered	register
representatives	representative
rising	rise
seasons	season
shipping	ship
suffered	suffer
adopted	adopt
chances	chance
clubs	club
covers	cover
defence	defense
entitled	entitle
exposed	expose
fed	feed
injured	injure
kinds	kind
lets	let
loans	loan
objects	object
opposed	oppose
organized	organize
protected	protect
purposes	purpose
recording	record
statements	statement
techniques	technique
yards	yard
aged	age
aspects	aspect
attempts	attempt
champions	champion
dancing	dance
eggs	egg
facing	face
fingers	finger
founded	found
functions	function
islands	island
marked	mark
memories	memory
mountains	mountain
neighborhood	neighbourhood
racing	race
recommended	recommend
regulations	regulation
republicans	republican
scientists	scientist
solutions	solution
sons	son
stations	station
visited	visit
achieved	achieve
admitted	admit
authors	author
challenges	challenge
faced	face
filed	file
fought	fight
gained	gain
marks	mark
obtained	obtain
promised	promise
returning	return
riding	ride
sought	seek
studied	study
suggests	suggest
surrounding	surround
visitors	visitor
wanting	want
continuing	continue
exists	exist
involving	involve
meetings	meeting
offices	office
payments	payment
proved	prove
represents	represent
resulting	result
sessions	session
structures	structure
supplies	supply
symptoms	symptom
tested	test
attended	attend
complicated	complicate
confused	confuse
consequences	consequence
divided	divide
gotten	get
jews	jew
joining	join
limits	limit
loving	love
ltd	limited
managers	manager
nights	night
parking	park
purchased	purchase
rolling	roll
situations	situation
tears	tear
tied	tie
accused	accuse
breaks	break
cats	cat
choices	choice
colors	color
courses	course
courts	court
drew	draw
files	file
hills	hill
hitting	hit
increases	increase
locations	location
machines	machine
pointed	point
processes	process
processing	process
qualified	qualify
reaching	reach
supporters	supporter
threw	throw
tons	ton
voters	voter
babies	baby
bars	bar
clients	client
contained	contain
cooking	cook
covering	cover
directors	director
discussed	discuss
featuring	feature
finals	final
governments	government
horses	horse
informed	inform
losses	loss
minds	mind
mistakes	mistake
networks	network
passes	pass
phones	phone
producing	produce
scheduled	schedule
spoken	speak
tracks	track
waters	water
woods	wood
asks	ask
captured	capture
components	component
expectations	expectation
featured	feature
hearts	heart
injuries	injury
muslims	muslim
picking	pick
pleased	please
pushing	push
retired	retire
roles	role
settled	settle
singles	single
visiting	visit
wings	wing
bags	bag
believes	believe
blocks	block
checking	check
containing	contain
copies	copy
crimes	crime
denied	deny
drinks	drink
episodes	episode
farmers	farmer
grounds	ground
locked	lock
opens	open
persons	person
pushed	push
raising	raise
scores	score
sisters	sister
speaks	speak
stages	stage
swimming	swim
winners	winner
attempted	attempt
centers	center
cops	cop
cuts	cut
disappointed	disappoint
dressed	dress
employed	employ
enjoying	enjoy
entering	enter
expecting	expect
explains	explain
guests	guest
handed	hand
industries	industry
judges	judge
languages	language
maps	map
na	to
principles	principle
references	reference
struck	strike
studying	study
supports	support
amounts	amount
banned	ban
controls	control
demands	demand
dies	die
engineers	engineer
foods	food
hired	hire
kings	king
lowest	low
opinions	opinion
patterns	pattern
presents	present
readers	reader
stolen	steal
titles	title
ups	up
abandoned	abandon
acquired	acquire
actors	actor
annoying	annoy
buried	bury
cares	care
congratulations	congratulation
contracts	contract
convinced	convince
describes	describe
enemies	enemy
forgotten	forget
gods	god
hopes	hope
installed	install
landing	land
managing	manage
participants	participant
printed	print
signing	sign
stops	stop
throwing	throw
thrown	throw
assigned	assign
assumed	assume
cleaning	clean
consists	consist
consumers	consumer
contributed	contribute
critics	critic
damaged	damage
fallen	fall
figured	figure
keys	key
lawyers	lawyer
observed	observe
posting	post
researchers	researcher
sciences	science
serves	serve
towns	town
adds	add
channels	channel
designs	design
feb	february
females	female
findings	finding
firms	firm
gifts	gift
kicked	kick
lessons	lesson
lists	list
maintained	maintain
races	race
rocks	rock
shaped	shape
styles	style
subjects	subject
sucks	suck
alleged	allege
bands	band
christians	christian
emotions	emotion
immigrants	immigrant
improving	improve
instructions	instruction
km	kilometer
lands	land
prisoners	prisoner
publishing	publish
rejected	reject
resulted	result
waves	wave
argued	argue
begun	begin
cents	cent
diseases	disease
drove	drive
ears	ear
gaming	game
interviews	interview
meets	meet
procedures	procedure
profits	profit
reducing	reduce
representing	represent
scoring	score
searching	search
sections	section
surrounded	surround
threatened	threaten
transferred	transfer
universities	university
writes	write
apps	app
awarded	award
concluded	conclude
crossed	cross
engines	engine
heroes	hero
holes	hole
inches	inch
lips	lip
lyrics	lyric
manufacturers	manufacturer
masters	master
movements	movement
oct	october
operated	operate
painted	paint
preferred	preferr
pulling	pull
ranked	rank
referring	refer
risks	risk
screaming	scream
sept	september
ties	tie
versions	version
voices	voice
wishes	wish
ate	eat
athletes	athlete
bears	bear
boxes	box
cameras	camera
contributions	contribution
couples	couple
deserves	deserve
generated	generate
glasses	glass
impressed	impress
indicated	indicate
investors	investor
involves	involve
kills	kill
maria	mare
ministers	minister
monitoring	monitor
occurs	occur
passengers	passenger
photographs	photograph
producers	producer
restaurants	restaurant
reveals	reveal
roots	root
samples	sample
shops	shop
texts	text
veterans	veteran
arguments	argument
boots	boot
claiming	claim
computers	computer
defending	defend
dropping	drop
drops	drop
expenses	expense
hospitals	hospital
jokes	joke
parks	park
periods	period
preparing	prepare
proven	prove
remembered	remember
requested	request
rings	ring
spots	spot
stats	stat
struggling	struggle
temperatures	temperature
ads	ad
answered	answer
bones	bone
brands	brand
centuries	century
connections	connection
duties	duty
encouraged	encourage
frozen	freeze
guards	guard
hiding	hide
instruments	instrument
listing	list
mothers	mother
murdered	murder
occupied	occupy
releases	release
submitted	submit
survived	survive
suspended	suspend
technologies	technology
trends	trend
trials	trial
walks	walk
wounded	wound
arranged	arrange
attending	attend
attracted	attract
blocked	block
boards	board
burned	burn
categories	category
checks	check
concerning	concern
distributed	distribute
districts	district
edited	edit
fewer	few
giants	giant
packed	pack
restrictions	restriction
secrets	secret
stones	stone
updates	update
viewed	view
conversations	conversation
deeper	deep
estimates	estimate
failing	fail
finishing	finish
gates	gate
hurts	hurt
nuts	nut
protecting	protect
rated	rate
rivers	river
rounds	round
ruled	rule
separated	separate
touched	touch
visits	visit
warriors	warrior
attacking	attack
cited	cite
coaching	coach
colleagues	colleague
constructed	construct
dated	date
derived	derive
disabled	disable
educated	educate
existed	exist
followers	follower
funded	fund
generations	generation
guaranteed	guarantee
integrated	integrate
journalists	journalist
lighting	light
performances	performance
recommendations	recommendation
regarded	regard
responses	response
stopping	stop
strategies	strategy
tables	table
targets	target
volunteers	volunteer
witnesses	witness
wore	wear
acted	act
characteristics	characteristic
counts	count
creates	create
daughters	daughter
discussions	discussion
drives	drive
equipped	equip
expanded	expand
grades	grade
highlights	highlight
hoped	hope
las	la
odds	odd
printing	print
promoting	promote
repeated	repeat
replied	reply
requests	request
satisfied	satisfy
seeds	seed
signals	signal
spaces	space
stocks	stock
stranger	strange
surprising	surprise
threats	threat
allies	ally
attempting	attempt
bonds	bond
challenging	challenge
churches	church
cm	centimeter
composed	compose
counting	count
credits	credit
editing	edit
executed	execute
firing	fire
fits	fit
gardens	garden
gathered	gather
ignored	ignore
improvements	improvement
investments	investment
mars	mar
opera	opus
publications	publication
shocked	shock
sized	size
stunning	stun
tanks	tank
topics	topic
trains	train
traveling	travel
treating	treat
weed	wee
addressed	address
angels	angel
backed	back
borders	border
choosing	choose
classified	classify
coaches	coach
coins	coin
concepts	concept
disappeared	disappear
fails	fail
mounted	mount
occasions	occasion
pays	pay
peoples	people
refugees	refugee
removing	remove
responded	respond
ruined	ruin
stays	stay
waited	wait
worn	wear
accompanied	accompany
aids	aid
aimed	aim
approaches	approach
arguing	argue
beliefs	belief
boats	boat
boundaries	boundary
colleges	college
designated	designate
employers	employer
errors	error
focusing	focus
gains	gain
guidelines	guideline
handled	handle
hosted	host
jumped	jump
loaded	load
maintaining	maintain
measured	measure
newspapers	newspaper
pissed	piss
powered	power
promises	promise
quotes	quote
ratings	rating
reads	read
recovered	recover
refers	refer
seventh	seven
sooner	soon
strikes	strike
suggesting	suggest
suits	suit
toys	toy
tracking	track
wages	wage
wells	well
wheels	wheel
applying	apply
belongs	belong
burns	burn
celebrated	celebrate
counties	county
emails	email
fastest	fast
indicates	indicate
isolated	isolate
knocked	knock
landed	land
laughed	laugh
modified	modify
neighbors	neighbor
oldest	old
picks	pick
professionals	professional
reactions	reaction
securities	security
speakers	speaker
springs	spring
suggestions	suggestion
supplied	supply
unions	union
wider	wide
ai	be
applies	apply
arrangements	arrangement
assuming	assume
blessed	bless
carries	carry
certified	certify
complaints	complaint
describing	describe
directions	direction
discussing	discuss
disgusting	disgust
earning	earn
explaining	explain
hiring	hire
hosts	host
implemented	implement
jumping	jump
opponents	opponent
quarters	quarter
rangers	ranger
ranks	rank
reviewed	review
rolls	roll
secured	secure
settings	setting
sponsored	sponsor
stealing	steal
tasks	task
trips	trip
worlds	world
appeals	appeal
bearing	bear
beats	beat
cancelled	cancell
cheaper	cheap
competing	compete
demonstrated	demonstrate
developers	developer
developments	development
eagles	eagle
holidays	holiday
hotels	hotel
loads	load
longest	long
mills	mill
plates	plate
reminds	remind
reserves	reserve
shirts	shirt
shorter	short
streaming	stream
targeted	target
theories	theory
touching	touch
transactions	transaction
viewers	viewer
winds	wind
woke	wake
abilities	ability
aims	aim
beaten	beat
blown	blow
branches	branch
campaigns	campaign
chips	chip
closest	close
collections	collection
converted	convert
creatures	creature
criteria	criterion
declined	decline
difficulties	difficulty
farming	farm
fighters	fighter
flights	flight
forcing	force
forming	form
habits	habit
hung	hang
investigations	investigation
lied	lie
listened	listen
males	male
meters	meter
negotiations	negotiation
owns	own
playoffs	playoff
quoted	quote
relating	relate
rolled	roll
sorts	sort
souls	soul
stole	steal
blowing	blow
bored	bore
caring	care
catching	catch
cheating	cheat
cleared	clear
convicted	convict
cultures	culture
dealt	deal
delayed	delay
departments	department
dismissed	dismiss
distinguished	distinguish
experiments	experiment
hated	hate
incorporated	incorporate
influenced	influence
kidding	kid
missions	mission
paintings	painting
pointing	point
proposals	proposal
protests	protest
regards	regard
relatives	relative
stepped	step
striking	strike
terrorists	terrorist
trucks	truck
trusted	trust
vessels	vessel
volumes	volume
websites	website
wondered	wonder
airlines	airline
albums	album
bacteria	bacterium
beings	being
bottles	bottle
bucks	buck
camps	camp
colored	color
cried	cry
customs	custom
deemed	deem
emerging	emerge
fights	fight
filming	film
graphics	graphic
invested	invest
lit	light
meals	meal
operators	operator
participating	participate
platforms	platform
populations	population
produces	produce
ranging	range
ranking	rank
receives	receive
restricted	restrict
routes	route
situated	situate
slaves	slave
spotted	spot
spreading	spread
sustained	sustain
themes	theme
threatening	threaten
trapped	trap
wasted	waste
accepting	accept
advised	advise
balanced	balance
bare	bear
bases	base
battles	battle
bits	bit
codes	code
collecting	collect
contents	content
deleted	delete
devoted	devote
displayed	display
dominated	dominate
escaped	escape
floating	float
grows	grow
knees	knee
lions	lion
mines	mine
nominated	nominate
proceedings	proceeding
pupils	pupil
reserved	reserve
rs	r
shoulders	shoulder
sits	sit
sizes	size
slept	sleep
stored	store
stressed	stress
warned	warn
acres	acre
adapted	adapt
approaching	approach
beds	bed
boxing	box
celebrating	celebrate
charging	charge
chemicals	chemical
comics	comic
controlling	control
corporations	corporation
defeated	defeat
expanding	expand
fears	fear
fires	fire
illustrated	illustrate
invented	invent
layers	layer
licensed	license
metres	metre
monsters	monster
placing	place
reminded	remind
tactics	tactic
underlying	underlie
villages	village
accidents	accident
affects	affect
appreciated	appreciate
approached	approach
arriving	arrive
buyers	buyer
charts	chart
clouds	cloud
connecting	connect
decides	decide
desired	desire
emerged	emerge
flew	fly
hosting	host
imposed	impose
interactions	interaction
introducing	introduce
kicking	kick
laying	lay
makers	maker
organisations	organisation
perceived	perceive
pics	pic
planes	plane
reaches	reach
remarks	remark
saints	saint
sheets	sheet
spirits	spirit
sporting	sport
teens	teen
travelling	travell
worries	worry
accomplished	accomplish
adventures	adventure
appearing	appear
believing	believe
blacks	black
bombs	bomb
caps	cap
colours	colour
criminals	criminal
embarrassing	embarrass
finest	fine
grants	grant
hates	hate
incidents	incident
lovers	lover
minded	mind
promoted	promote
replacing	replace
responsibilities	responsibility
screening	screen
sends	send
smiling	smile
stating	state
suspected	suspect
tigers	tiger
traded	trade
translated	translate
tricks	trick
twins	twin
vegetables	vegetable
wrapped	wrap
associates	associate
beans	bean
commons	common
conservatives	conservative
contacts	contact
depressed	depress
deserved	deserve
dining	dine
disorders	disorder
encouraging	encourage
farms	farm
flows	flow
genes	gene
graduated	graduate
heights	height
ingredients	ingredient
investigated	investigate
lakes	lake
libraries	library
motivated	motivate
muscles	muscle
nurses	nurse
releasing	release
requiring	require
revised	revise
stairs	stair
staring	stare
sticks	stick
strangers	stranger
succeeded	succeed
switched	switch
tours	tour
activists	activist
addresses	address
cheers	cheer
circles	circle
comparing	compare
corresponding	correspond
damages	damage
demanding	demand
dishes	dish
dozens	dozen
eaten	eat
engaging	engage
fitted	fit
gaining	gain
gentlemen	gentleman
households	household
infected	infect
liberals	liberal
manufactured	manufacture
operates	operate
permitted	permit
providers	provider
seeks	seek
sentences	sentence
skilled	skill
understands	understand
washing	wash
agreements	agreement
authorized	authorize
blew	blow
blocking	block
chasing	chase
climbing	climb
complaining	complain
cookies	cookie
demanded	demand
exercises	exercise
governing	govern
oriented	orient
pilots	pilot
prayers	prayer
predicted	predict
pressed	press
preventing	prevent
provisions	provision
reflected	reflect
restored	restore
scholars	scholar
sealed	seal
sounded	sound
streams	stream
strongest	strong
tends	tend
worrying	worry
zones	zone
adjusted	adjust
arrives	arrive
capabilities	capability
cared	care
chains	chain
competitors	competitor
cooked	cook
cups	cup
deciding	decide
divisions	division
enabled	enable
entertaining	entertain
establishing	establish
hurting	hurt
intentions	intention
investing	invest
lasting	last
loses	lose
mixing	mixe
nearest	near
pairs	pair
poems	poem
possibilities	possibility
promising	promise
purchases	purchase
reflects	reflect
respected	respect
wasting	waste
advantages	advantage
archives	archive
assisted	assist
backs	back
bridges	bridge
calculated	calculate
centres	centre
chapters	chapter
civilians	civilian
conflicts	conflict
cycling	cycle
donations	donation
dragons	dragon
draws	draw
examined	examine
hardest	hard
honored	honor
implications	implication
lifted	lift
loading	load
matching	match
novels	novel
outcomes	outcome
polls	poll
proteins	protein
resolved	resolve
rewards	reward
sang	sing
senators	senator
shocking	shock
ss	s
studios	studio
survivors	survivor
tales	tale
titled	title
traditions	tradition
washed	wash
watches	watch
appearances	appearance
challenged	challenge
cigarettes	cigarette
consisting	consist
delighted	delight
delivering	deliver
destroying	destroy
earliest	early
edges	edge
entries	entry
evolved	evolve
exports	export
fixing	fixe
flags	flag
flies	fly
heated	heat
indicating	indicate
jets	jet
lasted	last
lighter	light
mentions	mention
mice	mouse
musicians	musician
potatoes	potato
prevented	prevent
rogers	roger
safer	safe
sells	sell
sentenced	sentence
treatments	treatment
tweeted	tweet
variations	variation
acknowledged	acknowledge
advances	advance
agrees	agree
allegations	allegation
anticipated	anticipate
bleeding	bleed
bros	bro
careers	career
celebrities	celebrity
contributing	contribute
enhanced	enhance
essays	essay
exhausted	exhaust
fathers	father
focuses	focus
frustrated	frustrate
gambling	gamble
investigating	investigate
labels	label
lacking	lack
laughs	laugh
lined	line
lords	lord
objectives	objective
obsessed	obsess
organised	organise
particles	particle
penalties	penalty
pets	pet
pockets	pocket
presenting	present
presidents	president
pressing	press
prints	print
raped	rape
realised	realise
repairs	repair
shaking	shake
societies	society
solved	solve
starring	star
struggles	struggle
tastes	taste
throws	throw
torn	tear
transformed	transform
viewing	view
wears	wear
wives	wive
affecting	affect
allied	ally
animated	animate
answering	answer
assured	assure
avoided	avoid
avoiding	avoid
brains	brain
charming	charm
chiefs	chief
commented	comment
conducting	conduct
displays	display
emissions	emission
forests	forest
fruits	fruit
grabbed	grab
imagined	imagine
inhabitants	inhabitant
kicks	kick
legends	legend
magazines	magazine
measuring	measure
ports	port
preserved	preserve
programmes	programme
prospects	prospect
publishers	publisher
rebels	rebel
recognised	recognise
reed	ree
responding	respond
retained	retain
rises	rise
saves	save
sectors	sector
shorts	short
span	spin
specialized	specialize
tops	top
valued	value
wounds	wound
achievements	achievement
addressing	address
batteries	battery
chambers	chamber
completing	complete
consulting	consult
cooling	cool
corners	corner
detected	detect
donated	donate
elder	old
encountered	encounter
exploring	explore
filmed	film
fried	fry
guided	guide
happier	happy
heels	heel
insisted	insist
instances	instance
lbs	lb
lifting	lift
packing	pack
panels	panel
pretending	pretend
priorities	priority
pronounced	pronounce
proves	prove
purchasing	purchase
qualities	quality
queens	queen
reforms	reform
revenues	revenue
rides	ride
ripped	rip
shadows	shadow
specified	specify
switching	switch
tourists	tourist
traveled	travel
treats	treat
whites	white
attributed	attribute
booked	book
bowling	bowl
cos	co
crops	crop
designers	designer
diagnosed	diagnose
dimensions	dimension
disturbing	disturb
dresses	dress
eliminated	eliminate
embarrassed	embarrass
fled	flee
influences	influence
judging	judge
knights	knight
limitations	limitation
measurements	measurement
murders	murder
pills	pill
planets	planet
proceeds	proceed
raises	raise
ranges	range
rats	rat
servers	server
siblings	sibling
sophisticated	sophisticate
speeds	speed
symbols	symbol
travels	travel
warming	warm
weekends	weekend
youngest	young
alternatives	alternative
argues	argue
blows	blow
brooks	brook
bugs	bug
clips	clip
counted	count
crashed	crash
divorced	divorce
drawings	drawing
dried	dry
editors	editor
edwards	edward
experiencing	experience
extending	extend
floors	floor
freaking	freak
gloves	glove
ignoring	ignore
induced	induce
inspiring	inspire
joins	join
joking	joke
nails	nail
newest	new
opposing	oppose
origins	origin
physicians	physician
planted	plant
questioning	question
renewed	renew
resigned	resign
sins	sin
smells	smell
strings	string
thee	you
trades	trade
witnessed	witness
yelling	yell
achieving	achieve
aliens	alien
assists	assist
burnt	burn
calories	calorie
championships	championship
conferences	conference
considers	consider
cowboys	cowboy
crushed	crush
deployed	deploy
elevated	elevate
executives	executive
flames	flame
identifying	identify
impacts	impact
mechanisms	mechanism
motors	motor
provinces	province
rays	ray
schemes	scheme
screens	screen
seized	seize
servants	servant
shipped	ship
socks	sock
suited	suit
surviving	survive
til	till
tires	tire
tribes	tribe
varied	vary
altered	alter
associations	association
audiences	audience
bs	b
bullets	bullet
buses	bus
carriers	carrier
chairs	chair
cleaned	clean
confusing	confuse
diamonds	diamond
disappointing	disappoint
diving	dive
environments	environment
favorites	favorite
flowing	flow
functioning	function
graduates	graduate
holders	holder
idiots	idiot
initiatives	initiative
innings	inning
insects	insect
justified	justify
needing	need
nerves	nerve
observations	observation
ordering	order
paths	path
peers	peer
pending	pend
praised	praise
premises	premise
questioned	question
refuses	refuse
ruins	ruin
stakes	stake
sticking	stick
surfaces	surface
ta	to
territories	territory
towers	tower
transfers	transfer
activated	activate
apartments	apartment
attitudes	attitude
attorneys	attorney
barriers	barrier
belonged	belong
broader	broad
cal	calorie
characterized	characterize
contractors	contractor
dealers	dealer
desires	desire
enters	enter
frames	frame
hats	hat
matched	match
messed	mess
packages	package
participated	participate
priests	priest
prizes	prize
pulls	pull
qualifying	qualify
reasoning	reason
relaxed	relax
reporters	reporter
roses	rose
rumors	rumor
shifts	shift
smallest	small
struggled	struggle
teenagers	teenager
tweets	tweet
urged	urge
wolves	wolf
abused	abuse
betting	bet
camping	camp
conclusions	conclusion
contacted	contact
criticized	criticize
decreased	decrease
defended	defend
demons	demon
deposits	deposit
documented	document
dragged	drag
encounters	encounter
ensuring	ensure
enterprises	enterprise
exams	exam
holdings	holding
interviewed	interview
leaked	leak
locals	local
noting	note
organs	organ
outlets	outlet
parameters	parameter
protesters	protester
punished	punish
screwed	screw
shades	shade
spelling	spell
spurs	spur
subscribers	subscriber
surveys	survey
tits	tit
wished	wish
wonders	wonder
centered	center
complained	complain
compounds	compound
cracked	crack
debts	debt
digging	dig
expressing	express
extends	extend
failures	failure
founding	found
generating	generate
guides	guide
initiated	initiate
launching	launch
liking	like
mates	mate
obligations	obligation
pigs	pig
pirates	pirate
posters	poster
practicing	practice
praying	pray
prohibited	prohibit
projected	project
recipes	recipe
recruiting	recruit
refusing	refuse
riders	rider
robots	robot
rockets	rocket
sailing	sail
shapes	shape
slipped	slip
solving	solve
stevens	steven
targeting	target
triggered	trigger
troubles	trouble
violations	violation
wicked	wick
ancestors	ancestor
buttons	button
compelling	compel
compiled	compile
complications	complication
crowded	crowd
debates	debate
delays	delay
implies	imply
medals	medal
mistaken	mistake
olds	old
portions	portion
recalled	recall
reduces	reduce
regulated	regulate
rounded	round
rushed	rush
sanders	sander
scales	scale
segments	segment
shifted	shift
shifting	shift
shining	shine
slower	slow
spinning	spin
stepping	step
teammates	teammate
touches	touch
travelled	travel
twisted	twist
writings	writing
billions	billion
bulls	bull
bullying	bully
columns	column
concerts	concert
condemned	condemn
convincing	convince
coupled	couple
determining	determin
entities	entity
exceptions	exception
foundations	foundation
frustrating	frustrate
infections	infection
kissing	kiss
lanes	lane
lungs	lung
minorities	minority
occurring	occur
organizing	organize
performs	perform
priced	price
rankings	ranking
realizing	realize
revealing	reveal
runners	runner
scattered	scatter
searched	search
shouting	shout
talents	talent
variables	variable
varying	vary
administered	administer
affiliated	affiliate
apples	apple
assembled	assemble
beaches	beach
bees	bee
boarding	board
bothered	bother
closes	close
commands	command
commissioned	commission
concentrated	concentrate
deceased	decease
defining	define
disputes	dispute
eyed	eye
forbidden	forbid
hes	he
judged	judge
kidnapped	kidnap
lectures	lecture
linking	link
maintains	maintain
modes	mode
patriots	patriot
processed	process
pursuing	pursue
sharks	shark
shoots	shoot
stuffed	stuff
suburbs	suburb
toes	toe
traits	trait
welcomed	welcome
accessories	accessory
advocates	advocate
annoyed	annoy
appealing	appeal
appointments	appointment
assumptions	assumption
blogs	blog
builds	build
consumed	consume
corrected	correct
cousins	cousin
defenders	defender
denying	deny
doubts	doubt
drank	drink
dudes	dude
eats	eat
exchanges	exchange
excuses	excuse
factories	factory
imported	import
kissed	kiss
licensing	license
limiting	limit
marking	mark
metals	metal
missiles	missile
pipes	pipe
relieved	relieve
replies	reply
rivals	rival
rushing	rush
sanctions	sanction
specifications	specification
spends	spend
teaches	teach
terrifying	terrify
tracked	track
traders	trader
varieties	variety
waking	wake
admits	admit
announces	announce
applicants	applicant
breasts	breast
citing	cite
colonies	colony
councils	council
decorated	decorate
delegates	delegate
dreaming	dream
enables	enable
fashioned	fashion
feared	fear
grinding	grind
guessing	guess
hunters	hunter
locks	lock
manages	manage
masses	masse
modeling	model
nazis	nazi
networking	network
newer	new
packs	pack
permits	permit
pops	pop
predictions	prediction
remembering	remember
rescued	rescue
sep	september
shareholders	shareholder
sided	side
storms	storm
suspects	suspect
swept	sweep
terrified	terrify
themed	theme
thrilled	thrill
tubes	tube
varies	vary
verified	verify
wishing	wish
airports	airport
andrews	andrew
ashes	ash
begging	beg
buys	buy
casualties	casualty
catches	catch
committees	committee
cows	cow
cries	cry
cycles	cycle
darker	dark
disabilities	disability
discusses	discuss
downs	down
drilling	drill
drums	drum
enjoys	enjoy
governors	governor
implied	imply
minerals	mineral
miners	miner
neighborhoods	neighborhood
obtaining	obtain
offended	offend
raiders	raider
reflecting	reflect
remembers	remember
satisfying	satisfy
seas	sea
securing	secure
sensors	sensor
shells	shell
speeches	speech
steering	steer
substances	substance
upgraded	upgrade
absorbed	absorb
attributes	attribute
baked	bake
collapsed	collapse
coloured	colour
cracking	crack
descriptions	description
easiest	easy
enabling	enable
enrolled	enroll
excluding	exclude
expressions	expression
forgetting	forget
hooked	hook
ins	in
interpreted	interpret
journals	journal
lengths	length
marines	marine
molecules	molecule
productions	production
professors	professor
quicker	quick
retailers	retailer
reviewing	review
romans	roman
senses	sense
smoked	smoke
topped	top
trails	trail
uploaded	upload
venues	venue
amazed	amaze
architects	architect
automated	automate
borrowed	borrow
clicking	click
consisted	consist
damaging	damage
drafted	draft
firearms	firearm
headlines	headline
implementing	implement
inherited	inherit
killers	killer
labeled	label
nationals	national
parked	park
prescribed	prescribe
pressures	pressure
reds	red
religions	religion
rode	ride
settlements	settlement
skies	ski
smarter	smart
smiles	smile
sponsors	sponsor
stamps	stamp
sung	sing
suppliers	supplier
tablets	tablet
thirds	third
troubled	trouble
ur	your
violated	violate
vocals	vocal
analyzed	analyze
angles	angle
armies	army
assessed	assess
attractions	attraction
beers	beer
bells	bell
blamed	blame
boobs	boob
bosses	boss
brakes	brake
canceled	cancel
cheated	cheat
classics	classic
combining	combine
cracks	crack
cs	c
dancers	dancer
directing	direct
ducks	duck
dumped	dump
entrepreneurs	entrepreneur
explored	explore
finances	finance
finishes	finish
framed	frame
fucks	fuck
hottest	hot
lasts	last
leagues	league
listings	listing
marriages	marriage
migrants	migrant
mins	minute
misleading	mislead
notices	notice
personalities	personality
recordings	recording
relaxing	relax
respects	respect
sounding	sound
specialists	specialist
stabbed	stab
sued	sue
sums	sum
sworn	swear
theres	there
titans	titan
tomatoes	tomato
withdrawn	withdraw
accessed	access
aiming	aim
alumni	alumnus
behaviors	behavior
bikes	bike
consuming	consume
contracted	contract
costumes	costume
crews	crew
cubs	cub
dangers	danger
designing	design
develops	develop
doubled	double
doubles	double
economies	economy
embedded	embed
excluded	exclude
expects	expect
feeds	feed
gifted	gift
hacking	hack
hawks	hawk
highlighted	highlight
lacks	lack
launches	launch
leaning	lean
museums	museum
perspectives	perspective
phrases	phrase
plains	plain
prevents	prevent
profiles	profile
pursued	pursue
raids	raid
resting	rest
salaries	salary
seated	seat
showers	shower
sings	sing
surprises	surprise
tens	ten
touring	tour
traces	trace
utilities	utility
weaker	weak
yields	yield
accepts	accept
assignments	assignment
blaming	blame
carved	carve
committing	commit
comprising	comprise
credited	credit
distracted	distract
dolphins	dolphin
estates	estate
filters	filter
fools	fool
ghosts	ghost
grandparents	grandparent
headphones	headphone
highways	highway
imports	import
incentives	incentive
investigators	investigator
knocking	knock
leaks	leak
masks	mask
naming	name
obstacles	obstacle
overwhelmed	overwhelm
performers	performer
preferences	preference
prompted	prompt
qualifications	qualification
rendered	render
rented	rent
reversed	reverse
robbed	rob
scenarios	scenario
seniors	senior
stretched	stretch
sucking	suck
tenants	tenant
transported	transport
uniforms	uniform
workshops	workshop
announcing	announce
bids	bid
blades	blade
cables	cable
calculations	calculation
chicks	chick
conceived	conceive
crashes	crash
crowds	crowd
dissolved	dissolve
endorsed	endorse
europeans	european
examining	examine
festivals	festival
foreigners	foreigner
graves	grave
haunted	haunt
hiking	hike
illustrations	illustration
inclined	incline
learnt	learn
lending	lend
neighboring	neighbor
neighbours	neighbour
outlined	outline
parenting	parent
peaks	peak
pools	pool
preparations	preparation
proceeded	proceed
pros	pro
riots	riot
shields	shield
sliding	slide
theaters	theater
transmitted	transmit
tuned	tune
unified	unify
abs	ab
advancing	advance
browns	brown
containers	container
crosses	crosse
curves	curve
defines	define
delivers	deliver
demonstrates	demonstrate
dodgers	dodger
dug	dig
exhibited	exhibit
gaps	gap
greens	green
honors	honor
insights	insight
inviting	invite
jumps	jump
lads	lad
lowered	lower
manning	man
moms	mom
monkeys	monkey
mounting	mount
oils	oil
outs	out
owed	owe
patches	patch
portraits	portrait
pouring	pour
quantities	quantity
risen	rise
rows	row
searches	search
smiled	smile
snacks	snack
snakes	snake
strips	strip
subjected	subject
sucked	suck
tempted	tempt
weights	weight
wiped	wipe
accompanying	accompany
accusations	accusation
acids	acid
administrators	administrator
aired	air
apologies	apology
averaged	average
bets	bet
cakes	cake
celebrations	celebration
cf	californium
climbed	climb
comprises	comprise
defendants	defendant
devastating	devastate
editions	edition
erected	erect
farther	far
flaws	flaw
forums	forum
freed	free
galleries	gallery
governed	govern
halls	hall
handles	handle
heavier	heavy
hints	hint
interrupted	interrupt
merchants	merchant
misses	miss
popped	pop
portrayed	portray
possessed	possess
railways	railway
readings	reading
richards	richard
seals	seal
sequences	sequence
settling	settle
stretching	stretch
taxpayers	taxpayer
threads	thread
undertaken	undertake
wires	wire
analysts	analyst
batting	bat
bitches	bitch
branded	brand
catholics	catholic
commanding	command
confirms	confirm
confronted	confront
crashing	crash
encourages	encourage
establishments	establishment
futures	future
grounded	ground
hating	hate
inmates	inmate
instructed	instruct
johns	john
knives	knife
margins	margin
ml	millileter
owning	own
pains	pain
pitched	pitch
poets	poet
poisoning	poison
rains	rain
recovering	recover
repeating	repeat
rifles	rifle
screams	scream
sellers	seller
sights	sight
skating	skate
skiing	ski
smashed	smash
sox	sock
stripped	strip
switches	switch
tattoos	tattoo
tournaments	tournament
travelers	traveler
trustees	trustee
typing	type
weighing	weigh
agreeing	agree
allocated	allocate
appealed	appeal
barrels	barrel
charities	charity
cheering	cheer
chooses	choose
combinations	combination
commenting	comment
competitions	competition
connects	connect
crushing	crush
curved	curve
declining	decline
depressing	depress
destinations	destination
distances	distance
donors	donor
downloaded	download
evaluated	evaluate
fireworks	firework
flown	fly
founders	founder
guarantees	guarantee
indicators	indicator
inning	inn
licenses	license
manners	manner
notified	notify
outfits	outfit
panthers	panther
phases	phase
photographers	photographer
polling	poll
popping	pop
prisons	prison
pumps	pump
punched	punch
refined	refine
refreshing	refresh
reinforced	reinforce
remedies	remedy
simpler	simple
sinking	sink
slots	slot
sorted	sort
staged	stage
stems	stem
strengths	strength
suffers	suffer
telecommunications	telecommunication
thieves	thieve
thru	through
tissues	tissue
utilized	utilize
victories	victory
vikings	viking
accounted	account
adjustments	adjustment
bats	bat
candles	candle
capita	caput
cheeks	cheek
chickens	chicken
clues	clue
commercials	commercial
commissions	commission
comprised	comprise
confined	confine
consolidated	consolidate
coordinates	coordinate
declaring	declare
definitions	definition
discovering	discover
dragging	drag
educators	educator
exhibits	exhibit
extensions	extension
fellows	fellow
fragments	fragment
fuels	fuel
grams	gram
hacked	hack
historians	historian
joints	joint
kilometers	kilometer
labs	lab
losers	loser
louder	loud
marching	march
messing	mess
modifications	modification
monitors	monitor
nominations	nomination
numbered	number
offerings	offering
overlooked	overlook
partnerships	partnership
poured	pour
practiced	practice
recipients	recipient
relates	relate
relied	rely
rooted	root
spells	spell
strengthening	strengthen
structured	structure
tagged	tag
tags	tag
tapes	tape
testified	testify
tunes	tune
tunnels	tunnel
verses	verse
algorithms	algorithm
bricks	brick
buddies	buddy
ceased	cease
creators	creator
detained	detain
dolls	doll
dubbed	dub
elephants	elephant
expired	expire
fries	fry
healthier	healthy
inquiries	inquiry
jackets	jacket
logs	log
mirrors	mirror
nets	net
planting	plant
posed	pose
possessions	possession
prolonged	prolong
pumping	pump
recruited	recruit
relies	rely
relying	rely
rewarded	reward
sands	sand
schedules	schedule
selecting	select
singers	singer
snapped	snap
spoiled	spoil
surgeons	surgeon
weighed	weigh
acquiring	acquire
additions	addition
admitting	admit
aligned	align
arrows	arrow
balancing	balance
banning	ban
bishops	bishop
broncos	bronco
builders	builder
cans	can
collectors	collector
constraints	constraint
disclosed	disclose
displaced	displace
disturbed	disturb
horns	horn
introduces	introduce
lacked	lack
melting	melt
messaging	message
ops	op
organisms	organism
originated	originate
pensions	pension
pins	pin
practitioners	practitioner
requesting	request
responds	respond
retiring	retire
retrieved	retrieve
ribs	rib
thrones	throne
traced	trace
trusts	trust
wan	want
wandering	wander
weaknesses	weakness
wines	wine
wired	wire
amendments	amendment
analyses	analysis
asses	asse
assessments	assessment
assisting	assist
backgrounds	background
bites	bite
bombers	bomber
bonuses	bonus
bred	breed
bubbles	bubble
clinics	clinic
commitments	commitment
companions	companion
comparisons	comparison
coordinated	coordinate
copied	copy
dances	dance
deeds	deed
destined	destine
detached	detach
devils	devil
discounts	discount
eliminating	eliminate
enforced	enforce
explosives	explosive
feathers	feather
fixtures	fixture
flooded	flood
fuller	full
grandchildren	grandchild
guardians	guardian
hearings	hearing
hid	hide
hips	hip
imprisoned	imprison
mls	ml
offenders	offender
pictured	picture
populated	populate
poses	pose
positioned	position
promotes	promote
pumped	pump
rails	rail
rendering	render
reservations	reservation
similarities	similarity
skins	skin
slopes	slope
spelled	spell
stained	stain
starving	starve
surroundings	surrounding
sweeping	sweep
swinging	swinge
tearing	tear
watts	watt
academics	academic
adopting	adopt
amended	amend
assumes	assume
avengers	avenger
chopped	chop
commenced	commence
compromised	compromise
conventions	convention
crystals	crystal
demonstrations	demonstration
departed	depart
depths	depth
doses	dose
drones	drone
euros	euro
exposing	expose
fines	fine
floods	flood
folded	fold
hears	hear
ideals	ideal
identities	identity
installations	installation
kits	kit
lowering	lower
melted	melt
neglected	neglect
negotiated	negotiate
negotiating	negotiate
nodes	node
onions	onion
packers	packer
paired	pair
promotions	promotion
regrets	regret
respondents	respondent
retaining	retain
shouted	shout
sims	sim
slides	slide
tensions	tension
tortured	torture
upgrades	upgrade
warnings	warning
worms	worm
africans	african
bankers	banker
biting	bite
branding	brand
busted	bust
cardinals	cardinal
certificates	certificate
chatting	chat
circuits	circuit
commanded	command
commissioners	commissioner
communicating	communicate
contested	contest
cursed	curse
deepest	deep
defects	defect
depicted	depict
determines	determine
doomed	doom
equations	equation
evolving	evolve
exploded	explode
favored	favor
flats	flat
fulfilled	fulfill
grabbing	grab
hairs	hair
handing	hand
hearted	heart
husbands	husband
kilometres	kilometre
lenses	lense
matthews	matthew
medicines	medicine
nailed	nail
neighbouring	neighbour
obliged	oblige
observers	observer
pads	pad
patents	patent
persuaded	persuade
plots	plot
proclaimed	proclaim
recognizing	recognize
recommends	recommend
repaired	repair
rotating	rotate
sandwiches	sandwich
satellites	satellite
scouts	scout
seating	seat
shores	shore
slightest	slight
specimens	specimen
supplements	supplement
vendors	vendor
welcoming	welcome
whales	whale
zombies	zombie
admissions	admission
amusing	amuse
arabs	arab
beams	beam
betrayed	betray
biased	bias
bloggers	blogger
capturing	capture
celebrates	celebrate
concentrations	concentration
concludes	conclude
decorations	decoration
demonstrating	demonstrate
dice	die
disasters	disaster
discharged	discharge
disputed	dispute
dots	dot
ds	d
economists	economist
eds	ed
elders	elder
exceeded	exceed
explanations	explanation
factions	faction
formats	format
graduating	graduate
hormones	hormone
infants	infant
issuing	issue
lifts	lift
locking	lock
logging	log
medications	medication
miracles	miracle
norms	norm
oceans	ocean
polished	polish
pots	pot
privileges	privilege
protesting	protest
protocols	protocol
pushes	push
rebounds	rebound
resumed	resume
scars	scar
scholarships	scholarship
shelves	shelve
sparks	spark
stripes	stripe
summoned	summon
swords	sword
tackles	tackle
tapping	tap
teachings	teaching
tones	tone
tories	tory
traps	trap
unlocked	unlock
unveiled	unveil
vaccines	vaccine
veins	vein
ventures	venture
visions	vision
voiced	voice
warmer	warm
weddings	wedding
yelled	yell
accelerated	accelerate
accomplishments	accomplishment
advertised	advertise
advertisements	advertisement
assaulted	assault
atoms	atom
awaiting	await
blessings	blessing
boiling	boil
bowls	bowl
cheapest	cheap
communists	communist
compares	compare
counterparts	counterpart
dreamed	dream
embraced	embrace
enacted	enact
enlisted	enlist
eyebrows	eyebrow
gems	gem
glowing	glow
identifies	identify
improves	improve
lent	lend
majors	major
marched	march
marrying	marry
maths	math
memes	meme
mentioning	mention
monitored	monitor
myths	myth
noises	noise
nt	not
observing	observe
opted	opt
pens	pen
pitching	pitch
pleasing	please
premiums	premium
protects	protect
realizes	realize
resorts	resort
sailors	sailor
settlers	settler
shattered	shatter
signatures	signature
spiders	spider
strokes	stroke
successes	success
summers	summer
sundays	sunday
supplying	supply
tended	tend
terminated	terminate
threatens	threaten
tossed	toss
villagers	villager
waving	wave
accusing	accuse
aided	aid
americas	america
antibiotics	antibiotic
arrests	arrest
assessing	assess
belts	belt
budgets	budget
cartoons	cartoon
chased	chase
coats	coat
cola	colon
commanders	commander
considerations	consideration
consultants	consultant
contributes	contribute
credentials	credential
cured	cure
descended	descend
drowned	drown
drying	dry
enclosed	enclose
equals	equal
exchanged	exchange
favors	favor
frequencies	frequency
frightened	frighten
icons	icon
inserted	insert
interventions	intervention
invaded	invade
jacobs	jacob
kisses	kiss
laden	lade
learns	learn
limbs	limb
offs	off
phenomena	phenomenon
postponed	postpone
preceding	precede
predators	predator
rams	ram
ranged	range
recognizes	recognize
rewarding	reward
subsidies	subsidy
sunk	sink
transferring	transfer
analytical	analytic
arose	arise
averaging	average
brighter	bright
ceremonies	ceremony
clearer	clear
combines	combine
commodities	commodity
confessed	confess
constituents	constituent
converting	convert
crafts	craft
denies	deny
discoveries	discovery
emirates	emirate
employing	employ
employs	employ
escaping	escape
exercising	exercise
faded	fade
fluids	fluid
gangs	gang
gases	gas
grabs	grab
grapes	grape
greed	gree
impacted	impact
imposing	impose
innovations	innovation
lamps	lamp
motives	motive
mysteries	mystery
nightmares	nightmare
oops	oop
owing	owe
positioning	position
preserving	preserve
reminding	remind
retarded	retard
roasted	roast
ruining	ruin
sacked	sack
schooling	school
squares	square
starters	starter
taller	tall
uncovered	uncover
unpaid	unpay
violating	violate
viruses	virus
warns	warn
weakened	weaken
admired	admire
airways	airway
ants	ant
arising	arise
artifacts	artifact
bedrooms	bedroom
burgers	burger
captures	capture
clicks	click
compelled	compel
concealed	conceal
constitutes	constitute
devastated	devastate
dinosaurs	dinosaur
domains	domain
flawed	flaw
forged	forge
generals	general
genres	genre
goats	goat
guessed	guess
heavens	heaven
helicopters	helicopter
indies	indie
institutes	institute
laboratories	laboratory
landscapes	landscape
markers	marker
monks	monk
mouths	mouth
murdering	murder
natives	native
og	oganesson
owes	owe
photographed	photograph
pits	pit
props	prop
quoting	quote
raining	rain
rang	ring
removes	remove
restoring	restore
reunited	reunite
rocking	rock
royals	royal
sacrifices	sacrifice
scanning	scan
screamed	scream
shaping	shape
steals	steal
strains	strain
sunglasses	sunglass
surfing	surf
tonnes	tonne
trainers	trainer
translations	translation
trusting	trust
turtles	turtle
unarmed	unarm
vanished	vanish
withdrew	withdraw
accredited	accredit
adjusting	adjust
analyzing	analyze
appliances	appliance
assholes	asshole
barred	bar
blogging	blog
commentators	commentator
convictions	conviction
declares	declare
defeats	defeat
defenses	defense
deputies	deputy
descendants	descendant
emphasized	emphasize
engineered	engineer
fills	fill
fulfilling	fulfill
grilled	grill
guiding	guide
hackers	hacker
impressions	impression
insists	insist
installing	install
invites	invite
listeners	listener
ls	l
mushrooms	mushroom
neurons	neuron
nutrients	nutrient
openings	opening
posing	pose
programmed	programme
projections	projection
rebuilding	rebuild
recurring	recur
resembles	resemble
richer	rich
rubbing	rub
sailed	sail
scripts	script
shutting	shut
sketches	sketch
sleeps	sleep
slowed	slow
slowing	slow
starred	star
stationed	station
submissions	submission
texting	text
tiles	tile
tore	tear
treaties	treaty
undergoing	undergo
winding	wind
acclaimed	acclaim
accumulated	accumulate
announcements	announcement
bananas	banana
beasts	beast
contaminated	contaminate
contests	contest
daring	dare
dividends	dividend
downloading	download
evaluating	evaluate
expelled	expel
fined	fine
gays	gay
grains	grain
hangs	hang
histories	history
honoured	honour
hugs	hug
insulting	insult
justices	justice
leaking	leak
mammals	mammal
modelling	modell
modules	module
nam	nim
needles	needle
noodles	noodle
patrons	patron
peters	peter
quitting	quit
resolutions	resolution
richest	rich
rulers	ruler
sank	sink
sleeves	sleeve
spies	spy
stranded	strand
stretches	stretch
subs	sub
tasted	taste
temples	temple
treasures	treasure
trousers	trouser
unwilling	unwill
variants	variant
vows	vow
whipped	whip
wo	will
abuses	abuse
acquisitions	acquisition
attracting	attract
bans	ban
battling	battle
beads	bead
bullied	bully
butterflies	butterfly
caves	cave
chilling	chill
coated	coat
corrections	correction
cyclists	cyclist
daniels	daniel
deprived	deprive
disciplines	discipline
drained	drain
explosions	explosion
figuring	figure
financed	finance
fisheries	fishery
flyers	flyer
footsteps	footstep
hides	hide
housed	house
hs	h
incorporating	incorporate
injected	inject
insured	insure
intends	intend
intervals	interval
intriguing	intrigue
killings	killing
liberties	liberty
midlands	midland
minors	minor
monuments	monument
mortgages	mortgage
mourning	mourn
negatively	negative
objections	objection
pls	pl
preaching	preach
princes	prince
proposing	propose
receipts	receipt
rhodes	rhode
scheduling	schedule
separating	separate
sewing	sew
shootings	shooting
simplified	simplify
slipping	slip
smartphones	smartphone
spreads	spread
stickers	sticker
strengthened	strengthen
tapped	tap
thumbs	thumb
truths	truth
updating	update
urges	urge
weighs	weigh
assistants	assistant
banging	bang
bathing	bath
bending	bend
boiled	boil
bonding	bond
bounds	bound
breeds	breed
clusters	cluster
compliments	compliment
controllers	controller
copying	copy
danced	dance
debating	debate
decreasing	decrease
displaying	display
exaggerated	exaggerate
exhibitions	exhibition
exploited	exploit
extracted	extract
faults	fault
flashing	flash
girlfriends	girlfriend
granting	grant
headaches	headache
impaired	impair
incomes	income
mans	man
overlooking	overlook
passages	passage
perceptions	perception
preceded	precede
rabbits	rabbit
recruits	recruit
refs	ref
ringing	ring
selections	selection
shelters	shelter
speeding	speed
stereotypes	stereotype
stirring	stir
stunned	stun
swelling	swell
tails	tail
travellers	traveller
tying	tie
urging	urge
waits	wait
wakes	wake
weighted	weight
astonishing	astonish
bathrooms	bathroom
baths	bath
benefited	benefit
blankets	blanket
borne	bear
brokers	broker
capped	cap
chargers	charger
classrooms	classroom
confirming	confirm
contributors	contributor
cosmetics	cosmetic
destroys	destroy
detectives	detective
diminished	diminish
disappears	disappear
dumping	dump
embracing	embrace
enduring	endure
friendships	friendship
frightening	frighten
gardening	garden
gears	gear
generates	generate
greetings	greeting
groceries	grocery
highlighting	highlight
illnesses	illness
lays	lay
lenders	lender
merged	merge
merits	merit
panties	pantie
penguins	penguin
prayed	pray
prefers	prefer
proposes	propose
punching	punch
puppies	puppy
realities	reality
recalls	recall
receivers	receiver
referenced	reference
reflections	reflection
rejects	reject
representations	representation
rituals	ritual
sacrificed	sacrifice
slapped	slap
spun	spin
surveyed	survey
thighs	thigh
tipped	tip
toilets	toilet
translates	translate
trophies	trophy
ts	t
tuning	tune
aspirations	aspiration
balloons	balloon
believers	believer
chartered	charter
cliffs	cliff
conquered	conquer
creditors	creditor
criticised	criticise
criticisms	criticism
curtains	curtain
deliveries	delivery
diets	diet
differs	differ
digits	digit
disciples	disciple
drafting	draft
evacuated	evacuate
forgiven	forgive
greeted	greet
healed	heal
interacting	interact
laps	lap
meanings	meaning
mornings	morning
nominees	nominee
notifications	notification
outdated	outdate
paints	paint
peasants	peasant
pence	penny
peppers	pepper
pinned	pin
pleaded	plead
prepares	prepare
proceeding	proceed
proportions	proportion
punches	punch
ravens	raven
ropes	rope
rumours	rumour
saturated	saturate
scares	scare
screened	screen
shaved	shave
shooters	shooter
skipped	skip
smashing	smash
snaps	snap
soaked	soak
spears	spear
specials	special
spectators	spectator
stumbled	stumble
sweating	sweat
swings	swing
textbooks	textbook
tougher	tough
acknowledging	acknowledge
buzzing	buzz
caliber	calibre
concessions	concession
contracting	contract
cooks	cook
crafted	crafte
crowned	crown
dang	ding
defeating	defeat
fishermen	fisherman
flipped	flip
furnished	furnish
graffiti	graffito
guitars	guitar
herbs	herb
highlands	highland
honours	honour
hooks	hook
hrs	hr
imagining	imagine
jerseys	jersey
legislators	legislator
logged	log
loops	loop
manuscripts	manuscript
masked	mask
morals	morale
mutations	mutation
nicer	nice
offences	offence
peas	pea
raging	rage
receptors	receptor
shakes	shake
signaling	signal
simplest	simple
spying	spy
staging	stage
statues	statue
tasting	taste
tempting	tempt
towels	towel
trailers	trailer
transforming	transform
underwent	undergo
villains	villain
wickets	wicket
accustomed	accustom
ambitions	ambition
averages	average
ballots	ballot
bates	bate
beginnings	beginning
births	birth
bulldogs	bulldog
catering	cater
chefs	chef
chronicles	chronicle
classmates	classmate
compositions	composition
conditioned	condition
contestants	contestant
cooled	cool
coupons	coupon
currents	current
deported	deport
deposited	deposite
derivatives	derivative
deserted	desert
enhancing	enhance
entertained	entertain
explores	explore
favourites	favourite
fibers	fiber
fleeing	flee
flirting	flirt
gallons	gallon
gamers	gamer
generators	generator
handmade	handmake
hazards	hazard
hostages	hostage
knicks	knick
lan	lin
marketed	market
municipalities	municipality
noticing	notice
pathways	pathway
pitches	pitch
pledged	pledge
prosecutors	prosecutor
protections	protection
rallies	rally
rapids	rapid
reacted	react
rests	rest
retains	retain
revived	revive
screws	screw
sensing	sense
shipments	shipment
shits	shit
spared	spare
stalking	stalk
standardized	standardize
swallowed	swallow
thanked	thanke
valleys	valley
wards	ward
warrants	warrant
advisors	advisor
advocating	advocate
allergies	allergy
apologized	apologize
attracts	attract
bastards	bastard
bothering	bother
buds	bud
carrots	carrot
chewing	chew
comrades	comrade
conceded	concede
conflicting	conflict
consulted	consult
dads	dad
decreases	decrease
dicks	dick
discontinued	discontinue
distorted	distort
divers	diver
dividing	divide
downloads	download
evenings	evening
firefighters	firefighter
guarded	guarde
holden	hold
illustrates	illustrate
inputs	input
inspections	inspection
inspectors	inspector
instincts	instinct
interpretations	interpretation
knots	knot
lawsuits	lawsuit
occupying	occupy
organizers	organizer
owens	owen
progressed	progress
ratios	ratio
redskins	redskin
reductions	reduction
replaces	replace
researching	research
rigged	rig
slams	slam
slices	slice
spilled	spill
stacked	stack
styled	style
succeeding	succeed
surrendered	surrender
tariffs	tariff
utilizing	utilize
volunteered	volunteer
vomiting	vomit
winters	winter
abolished	abolish
abusing	abuse
balances	balance
bolts	bolt
bombed	bomb
campaigning	campaign
canned	can
captains	captain
chanting	chant
compressed	compress
coolest	cool
currencies	currency
databases	database
detailing	detail
discouraged	discourage
discovers	discover
earrings	earring
earthquakes	earthquake
elites	elite
enlarged	enlarge
enzymes	enzyme
fantasies	fantasie
formations	formation
fortunes	fortune
freedoms	freedom
gamer	game
harvested	harvest
hath	have
humanities	humanity
inflicted	inflict
interviewing	interview
journeys	journey
labelled	labell
lawmakers	lawmaker
leased	lease
mails	mail
missionaries	missionary
mohammad	muhammad
paved	pave
perks	perk
philosophers	philosopher
pillars	pillar
policing	police
predicting	predict
presumed	presume
printers	printer
reacting	react
rebuilt	rebuild
renting	rent
ridden	ride
sanctioned	sanction
scans	scan
seekers	seeker
sentencing	sentence
shaving	shave
slammed	slam
stresses	stress
surpassed	surpass
sweets	sweet
termed	term
thriving	thrive
timed	time
trending	trend
trolls	troll
tucked	tuck
tumors	tumor
upgrading	upgrade
wizards	wizard
wrecked	wreck
arises	arise
authorised	authorise
boasts	boast
cites	cite
colts	colt
comforting	comfort
decks	deck
diaries	diary
differing	differ
dispatched	dispatch
emerges	emerge
examinations	examination
exceeding	exceed
expresses	express
fading	fade
fares	fare
feminists	feminist
flavors	flavor
irritating	irritate
misunderstood	misunderstand
narratives	narrative
oaks	oak
possesses	possess
possessing	possess
presentations	presentation
prosecuted	prosecute
reformed	reform
reps	rep
resisted	resist
slips	slip
sorting	sort
tabs	tab
terminals	terminal
thrilling	thrill
toughest	tough
triggers	trigger
underrated	underrate
unseen	unsee
wills	will
witches	witch
youths	youth
advisers	adviser
advocated	advocate
affiliates	affiliate
banners	banner
beverages	beverage
biscuits	biscuit
bouncing	bounce
browsing	browse
bumps	bump
cancers	cancer
capitals	capital
champs	champ
clippers	clipper
cocktails	cocktail
cultivated	cultivate
debated	debate
disappearing	disappear
discs	disc
distributors	distributor
electrons	electron
ensures	ensure
exhausting	exhaust
extras	extra
famed	fame
fascinated	fascinate
fences	fence
fooled	fool
gigs	gig
helmets	helmet
ignores	ignore
incurred	incur
indications	indication
jurisdictions	jurisdiction
knocks	knock
lesbians	lesbian
listens	listen
mailing	mail
manipulated	manipulate
meadows	meadow
ministries	ministry
oscars	oscar
outlines	outline
pairing	pair
parsons	parson
pertaining	pertain
poorer	poor
praising	praise
pres	pre
respecting	respect
rugged	rug
shaken	shake
shines	shine
stared	stare
suppressed	suppress
teamed	team
tents	tent
thicker	thick
tis	this
altering	alter
asserted	assert
behaved	behave
billed	bill
brackets	bracket
collects	collect
coloring	color
constructing	construct
converts	convert
coordinating	coordinate
crawling	crawl
devised	devise
discarded	discard
donating	donate
drills	drill
echoes	echo
empowered	empower
examines	examine
exceeds	exceed
fearing	fear
fixes	fixe
fundamentals	fundamental
funniest	funny
gadgets	gadget
gestures	gesture
happiest	happy
highs	high
insults	insult
jailed	jail
jewels	jewel
lobbying	lobby
mis	mi
nipples	nipple
outgoing	outgo
pancakes	pancake
pas	pa
piles	pile
plumbing	plumb
precautions	precaution
predecessors	predecessor
protested	protest
raced	race
regulators	regulator
rejecting	reject
remarked	remark
rested	rest
rods	rod
sacks	sack
seizures	seizure
socialists	socialist
soviets	soviet
suns	sun
supervised	supervise
tendencies	tendency
transitions	transition
transporting	transport
upheld	uphold
valves	valve
vampires	vampire
vitamins	vitamin
weakest	weak
advertisers	advertiser
airing	air
awaited	await
begged	beg
brushes	brush
bushes	bush
casts	cast
choking	choke
clad	clothe
clocks	clock
coached	coach
coded	code
condolences	condolence
constituted	constitute
contacting	contact
contexts	context
darkest	dark
directs	direct
discounted	discount
distributing	distribute
dominating	dominate
drafts	draft
educating	educate
endured	endure
expands	expand
fabrics	fabric
falcons	falcon
fats	fat
forecasts	forecast
framing	frame
geared	gear
gs	g
hindus	hindu
hunted	hunt
hurricanes	hurricane
implying	imply
informing	inform
isles	isle
larvae	larva
memoirs	memoir
offenses	offense
passions	passion
pies	pie
pissing	piss
plaintiffs	plaintiff
plastics	plastic
poisoned	poison
projecting	project
rents	rent
residing	reside
resisting	resist
roofs	roof
sans	san
smelling	smell
stabbing	stab
stamped	stamp
steroids	steroid
stitches	stitch
subsidiaries	subsidiary
tighter	tight
touchdowns	touchdown
undergone	undergo
wrapping	wrap
accents	accent
advising	advise
alarms	alarm
alliances	alliance
attained	attain
berries	berry
bruins	bruin
brushed	brush
calculating	calculate
campuses	campus
citations	citation
condoms	condom
crises	crisis
criticizing	criticize
deserving	deserve
disgusted	disgust
distressed	distress
enforcing	enforce
essentials	essential
fasting	fast
finalists	finalist
flipping	flip
fueled	fuel
hicks	hick
hobbies	hobby
homeowners	homeowner
instructors	instructor
landlords	landlord
mariners	mariner
mastered	master
mats	mat
outraged	outrage
paragraphs	paragraph
parallels	parallel
passwords	password
plotting	plot
pounding	pound
pretended	pretend
reacts	react
riches	rich
ripping	rip
rubbed	rub
sculptures	sculpture
seeded	seed
separates	separate
shortest	short
skipping	skip
skirts	skirt
sliced	slice
soils	soil
staples	staple
stokes	stoke
storing	store
summed	sum
supervisors	supervisor
swollen	swell
technicians	technician
transformers	transformer
unauthorized	unauthorize
upsetting	upset
vans	van
vines	vine
visuals	visual
watering	water
whispers	whisper
wraps	wrap
youngsters	youngster
abducted	abduct
alerts	alert
alps	alp
antibodies	antibody
aspiring	aspire
belongings	belonging
braves	brave
businessmen	businessman
cinemas	cinema
circulating	circulate
claws	claw
cleansing	cleanse
clears	clear
clicked	click
departing	depart
disguised	disguise
docks	dock
earns	earn
emergencies	emergency
enthusiasts	enthusiast
escapes	escape
exported	export
fencing	fence
filtering	filter
flashes	flash
fleming	fleme
franchises	franchise
freaks	freak
frogs	frog
fronts	front
hanged	hang
intimidating	intimidate
inventions	invention
jaws	jaw
leafs	leaf
liabilities	liability
mandated	mandate
militants	militant
nationalists	nationalist
ons	on
oppressed	oppress
outsiders	outsider
overlapping	overlap
overs	over
paced	pace
painters	painter
pals	pal
processors	processor
psychologists	psychologist
pubs	pub
recycled	recycle
renovated	renovate
researched	research
revelations	revelation
safest	safe
saturdays	saturday
scratching	scratch
sparkling	sparkle
stakeholders	stakeholder
submitting	submit
tailored	tailor
tanner	tan
taps	tap
thinner	thin
thugs	thug
tipping	tip
topping	top
woven	weave
ambassadors	ambassador
arranging	arrange
attendees	attendee
awaits	await
blames	blame
blasting	blast
bloke	blike
bothers	bother
brightest	bright
bulbs	bulb
circulated	circulate
concentrating	concentrate
continents	continent
creeping	creep
dat	that
disposed	dispose
draining	drain
drains	drain
dramas	drama
drifting	drift
edged	edge
favoured	favour
galaxies	galaxy
graphs	graph
harassed	harass
incorporates	incorporate
insisting	insist
kingdoms	kingdom
labeling	label
mocking	mock
motions	motion
overcoming	overcome
palms	palm
pioneers	pioneer
planners	planner
prevailing	prevail
prostitutes	prostitute
publishes	publish
puzzles	puzzle
recommending	recommend
regulating	regulate
repairing	repair
repeats	repeat
replying	reply
risking	risk
rooting	root
routing	route
scaled	scale
sentiments	sentiment
shoppers	shopper
simpsons	simpson
slang	sling
slid	slide
sparked	spark
spices	spice
spirited	spirit
survives	survive
sustaining	sustain
teasing	tease
trailing	trail
vibes	vibe
welcomes	welcome
whining	whine
wording	word
algae	alga
alterations	alteration
bearings	bearing
brits	brit
charms	charm
chores	chore
colder	cold
concluding	conclude
consoles	console
corresponds	correspond
counters	counter
dealings	dealing
deferred	defer
depicting	depict
dipped	dip
endings	ending
energies	energy
ensuing	ensue
ensured	ensure
executing	execute
fossils	fossil
hurdles	hurdle
hyped	hype
js	j
laptops	laptop
lasers	laser
markings	marking
mexicans	mexican
ounces	ounce
patented	patent
pearls	pearl
pioneering	pioneer
pleasures	pleasure
policemen	policeman
prophets	prophet
raping	rape
renamed	rename
resides	reside
scriptures	scripture
shouts	shout
sighted	sight
skinned	skin
slain	slay
smuggling	smuggle
softer	soft
specs	spec
squads	squad
stephens	stephen
stimulating	stimulate
strawberries	strawberry
striped	stripe
texans	texan
theatres	theatre
tolerated	tolerate
tweeting	tweet
waved	wave
weaving	weave
welding	weld
abortions	abortion
acknowledges	acknowledge
adolescents	adolescent
alarming	alarm
amenities	amenity
amounted	amount
amused	amuse
atrocities	atrocity
bottoms	bottom
butts	butt
choked	choke
clashes	clash
communicated	communicate
confessions	confession
creations	creation
cues	cue
debuted	debut
declines	decline
depicts	depict
dinners	dinner
diplomats	diplomat
exits	exit
experimenting	experiment
exploding	explode
exploits	exploit
flowering	flower
fractures	fracture
guarding	guarde
impending	impend
intercepted	intercept
interfering	interfere
liberated	liberate
localities	locality
logos	logo
lurking	lurk
magistrates	magistrate
mas	ma
mattered	matter
murderers	murderer
omitted	omit
originals	original
partnered	partner
personalized	personalize
pleading	plead
professions	profession
regimes	regime
replacements	replacement
rocked	rock
scanned	scan
screenshots	screenshot
severed	sever
shocks	shock
slaughtered	slaughter
sneakers	sneaker
spikes	spike
squeezed	squeeze
staffing	staff
strained	strain
subscribed	subscribe
swearing	sweare
swore	sweare
tasked	task
televised	televise
tempered	temper
tokens	token
beginners	beginner
bombings	bombing
bonded	bond
boosting	boost
brewers	brewer
bundles	bundle
completes	complete
complexes	complex
contemplating	contemplate
cores	core
cruising	cruise
dams	dam
dared	dare
defends	defend
demolished	demolish
detecting	detect
disconnected	disconnect
ecosystems	ecosystem
engraved	engrave
exercised	exercise
expenditures	expenditure
expires	expire
formulated	formulate
freaked	freak
grouped	group
halted	halt
hardened	harden
haunting	haunt
honoring	honor
horrors	horror
inhabited	inhabit
injections	injection
insulted	insult
integrating	integrate
ions	ion
ks	k
mixes	mixe
morons	moron
mounts	mount
nicest	nice
nos	no
notions	notion
oranges	orange
overrated	overrate
packaged	package
packets	packet
passports	passport
peanuts	peanut
presses	press
reactors	reactor
reeves	reeve
reigns	reign
resembling	resemble
restricting	restrict
sails	sail
smokers	smoker
spanning	span
specifics	specific
spouses	spouse
stricken	strike
stripping	strip
taxed	tax
thanking	thanke
tripping	trip
turbines	turbine
typed	type
tyres	tyre
volunteering	volunteer
weeds	weed
yrs	yr
zoning	zone
abandoning	abandon
acquainted	acquaint
airplanes	airplane
airs	air
attackers	attacker
barking	bark
behaving	behave
brethren	brother
compensated	compensate
competed	compete
councillors	councillor
crafting	craft
curling	curl
deleting	delete
descending	descend
disciplined	discipline
distributions	distribution
drilled	drill
emailed	email
fabricated	fabricate
filmmakers	filmmaker
filtered	filter
gatherings	gathering
heirs	heir
inflated	inflate
informs	inform
inspected	inspect
judgments	judgment
licking	lick
mediated	mediate
metrics	metric
millennials	millennial
occupies	occupy
piers	pier
pleas	plea
praises	praise
provoked	provoke
rappers	rapper
registers	register
remnants	remnant
reprinted	reprint
resolving	resolve
roaring	roar
scandals	scandal
scrapped	scrap
seasoned	season
simulations	simulation
sourced	source
specializing	specialize
spins	spin
stadiums	stadium
stalls	stall
submerged	submerge
surgeries	surgery
trenches	trench
vacations	vacation
vets	vet
witnessing	witness
workouts	workout
yielded	yield
absorbing	absorb
adapting	adapt
addicts	addict
adjoining	adjoin
alternating	alternate
ankles	ankle
annexed	annexe
arresting	arrest
augmented	augment
avenues	avenue
avoids	avoid
badges	badge
blended	blend
bounded	bound
bows	bow
breastfeeding	breastfeed
broadcasts	broadcast
brushing	brush
buckets	bucket
bursts	burst
centred	centre
chords	chord
clowns	clown
corpses	corpse
correlated	correlate
crippled	cripple
deficits	deficit
dispersed	disperse
docs	doc
embarked	embark
enriched	enrich
fellas	fella
garments	garment
growers	grower
haters	hater
illuminated	illuminate
implants	implant
indicted	indict
influencing	influence
invading	invade
irritated	irritate
legged	leg
longing	long
mailed	mail
mapped	map
modeled	model
narcotics	narcotic
nuggets	nugget
objected	object
obligated	obligate
outing	out
parasites	parasite
peaches	peach
peaked	peak
pillows	pillow
pressured	pressure
progressing	progress
punishing	punish
radicals	radical
roaming	roam
routines	routine
scouting	scout
secretaries	secretary
selfies	selfie
seminars	seminar
shortages	shortage
shortened	shorten
smelled	smell
specializes	specialize
splits	split
staggering	stagger
statutes	statute
suing	sue
tackling	tackle
tallest	tall
taped	tape
toxins	toxin
troubling	trouble
twists	twist
walkers	walker
actresses	actress
attends	attend
authored	author
automobiles	automobile
bitten	bite
blasted	blast
blasts	blast
bottled	bottle
braces	brace
bumped	bump
bursting	burst
chilled	chill
clarified	clarify
comedians	comedian
commits	commit
corrupted	corrupt
disadvantaged	disadvantage
disadvantages	disadvantage
disagreed	disagree
diverted	divert
enlightened	enlighten
erased	erase
escorted	escort
fielding	field
forgiving	forgive
fractured	fracture
grazing	graze
habitats	habitat
hailed	hail
idols	idol
insurers	insurer
intellectuals	intellectual
intending	intend
kidneys	kidney
laundering	launder
lodged	lodge
motorcycles	motorcycle
nuns	nun
organising	organise
overturned	overturn
partying	party
pesticides	pesticide
pixels	pixel
primaries	primary
regained	regain
reopened	reopen
revoked	revoke
rhymes	rhyme
scratched	scratch
sears	sear
shuts	shut
simulated	simulate
sprayed	spray
stacks	stack
startups	startup
stocking	stock
subscriptions	subscription
suites	suite
suspicions	suspicion
textiles	textile
therapies	therapy
translating	translate
vacancies	vacancy
violates	violate
accessing	access
accommodations	accommodation
alarmed	alarm
analysed	analyse
andreas	andrea
antiques	antique
arrivals	arrival
assaults	assault
assemblies	assembly
birthdays	birthday
blazing	blaze
bodied	body
boosted	boost
broadcasters	broadcaster
canals	canal
chunks	chunk
conducts	conduct
confiscated	confiscate
correcting	correct
crossroads	crossroad
dipping	dip
documentaries	documentary
dripping	drip
eighteenth	eighteen
emphasizes	emphasize
empowering	empower
engagements	engagement
exploiting	exploit
facilitated	facilitate
francs	franc
fullest	full
fungi	fungus
grenades	grenade
harmed	harm
hires	hire
hugging	hug
inducing	induce
instituted	institute
jays	jay
learners	learner
liquids	liquid
meats	meat
ns	n
ordained	ordain
originating	originate
orphans	orphan
pans	pan
patrols	patrol
pharmaceuticals	pharmaceutical
pickles	pickle
pilgrims	pilgrim
pisses	piss
podcasts	podcast
pointers	pointer
propelled	propel
raptors	raptor
reinforcements	reinforcement
restraining	restrain
scrolling	scroll
sealing	seal
sheds	shed
sheltered	shelter
smartest	smart
snatched	snatch
spans	span
stoned	stone
stressing	stress
styling	style
subtitles	subtitle
textures	texture
thinkers	thinker
toned	tone
totals	total
triggering	trigger
twenties	twenty
virtues	virtue
vouchers	voucher
waived	waive
wiser	wise
accountants	accountant
aggravated	aggravate
alleging	allege
apostles	apostle
benches	bench
blinded	blind
blurred	blur
boarded	board
bullies	bully
casinos	casino
centralized	centralize
complains	complain
crows	crow
denounced	denounce
diluted	dilute
doping	dope
establishes	establish
extremes	extreme
extremists	extremist
fluctuations	fluctuation
forecasting	forecast
grips	grip
halves	halve
heightened	heighten
horizons	horizon
inspires	inspire
interfaces	interface
intrigued	intrigue
kittens	kitten
landmarks	landmark
manned	man
marcos	marco
melodies	melody
plugs	plug
principals	principal
provoking	provoke
pts	pt
raided	raid
railroads	railroad
relegated	relegate
reviewers	reviewer
sinks	sink
snapping	snap
sobbing	sob
spitting	spit
starved	starve
stirred	stir
stockings	stocking
stuffing	stuff
substituted	substitute
succeeds	succeed
summons	summon
swung	swing
tides	tide
trimmed	trim
trivia	trivium
trumps	trump
twisting	twist
unleashed	unleash
unmarried	unmarry
veggies	veggy
visas	visa
wanderers	wanderer
warmed	warm
accelerating	accelerate
afforded	afford
anchored	anchor
appalling	appall
arteries	artery
asians	asian
astronauts	astronaut
baptized	baptize
bounced	bounce
breeders	breeder
cabinets	cabinet
castles	castle
cleaners	cleaner
cocks	cock
confronting	confront
contrasting	contrast
coughing	cough
crossings	crossing
crowns	crown
cylinders	cylinder
detectors	detector
flattering	flatter
floats	float
horrifying	horrify
humiliating	humiliate
iced	ice
implicated	implicate
initials	initial
intensified	intensify
jurors	juror
keepers	keeper
liars	liar
looting	loot
occupants	occupant
operatives	operative
permitting	permit
petals	petal
pierced	pierce
pistols	pistol
plantations	plantation
ponds	pond
presiding	preside
registering	register
relics	relic
reproduced	reproduce
sandals	sandal
shoved	shove
spoilers	spoiler
stains	stain
standings	standing
surrounds	surround
tangled	tangle
ticking	tick
tutorials	tutorial
vectors	vector
wandered	wander
abiding	abide
apes	ape
arches	arch
astounding	astound
auctions	auction
bangs	bang
bashing	bash
baskets	basket
beneficiaries	beneficiary
boyfriends	boyfriend
carts	cart
ceilings	ceiling
clans	clan
composers	composer
configurations	configuration
counselling	counsel
crackers	cracker
depleted	deplete
distractions	distraction
divides	divide
donuts	donut
entrusted	entrust
evidenced	evidence
extracts	extract
fatalities	fatality
festivities	festivity
footballers	footballer
forks	fork
graded	grade
graders	grader
grieving	grieve
grooming	groom
hacks	hack
hoops	hoop
interpreting	interpret
islanders	islander
jars	jar
knitting	knit
kudos	kudo
layered	layer
lows	low
mains	main
manipulating	manipulate
merging	merge
noses	nose
plagued	plague
plated	plate
pods	pod
poorest	poor
programmers	programmer
prompting	prompt
queries	query
realms	realm
reigning	reign
resumes	resume
revisions	revision
rovers	rover
scrambled	scramble
scratches	scratch
shortcomings	shortcoming
shredded	shred
smokes	smoke
soothing	soothe
spawned	spawn
specialised	specialise
submarines	submarine
swimmers	swimmer
texted	text
tongues	tongue
transforms	transform
vested	vest
vols	vol
wagons	wagon
walters	walter
yells	yell
acquitted	acquit
ageing	age
aiding	aid
barring	bar
billionaires	billionaire
blending	blend
bragging	brag
busting	bust
cannons	cannon
capacities	capacity
cheats	cheat
clauses	clause
composing	compose
coworkers	coworker
curated	curate
customized	customize
defences	defence
depended	depend
disqualified	disqualify
disrupted	disrupt
diversified	diversify
documenting	document
doubted	doubt
downing	down
edits	edit
enchanted	enchant
escalated	escalate
executions	execution
faking	fake
flavored	flavor
formulas	formula
fridays	friday
fuckers	fucker
hospitalized	hospitalize
hostilities	hostility
illusions	illusion
interiors	interior
intimidated	intimidate
jams	jam
lashes	lash
malls	mall
menus	menu
newcomers	newcomer
nicknamed	nickname
occupations	occupation
paralyzed	paralyze
parted	part
pedestrians	pedestrian
pines	pine
pitchers	pitcher
plugged	plug
proponents	proponent
residences	residence
restrained	restrain
rhythms	rhythm
rites	rite
royalties	royalty
sacrificing	sacrifice
screwing	screw
servicing	service
shrinking	shrink
soaring	soar
spaced	space
stocked	stock
stoked	stoke
strapped	strap
streamed	stream
taxis	taxi
traitors	traitor
trolling	troll
undertook	undertake
verbs	verb
villas	villa
whispered	whisper
widening	widen
winged	winge
wiping	wipe
advises	advise
anchors	anchor
bins	bin
booming	boom
bruises	bruise
cages	cage
chaired	chair
contenders	contender
correspondents	correspondent
corridors	corridor
cubes	cube
diapers	diaper
distracting	distract
dyed	dye
evaluations	evaluation
exporting	export
facilitating	facilitate
fists	fist
flaming	flame
foes	foe
folds	fold
fortified	fortify
generalized	generalize
hammered	hammer
harassing	harass
hauled	haul
hectares	hectare
hopping	hop
horrified	horrify
hugged	hug
importing	import
invaders	invader
juniors	junior
lesions	lesion
lingering	linger
locating	locate
manufactures	manufacture
mastering	master
mergers	merger
moaning	moan
mocked	mock
mos	mo
mosquitoes	mosquito
narrowed	narrow
nests	nest
offending	offend
paws	paw
petitions	petition
pipelines	pipeline
poised	poise
predicts	predict
prescriptions	prescription
probes	probe
progresses	progress
protestors	protestor
racists	racist
referees	referee
reversing	reverse
sexes	sex
sinners	sinner
slated	slate
soaking	soak
surfaced	surface
tacos	taco
therapists	therapist
transmitting	transmit
tripped	trip
trunks	trunk
upbringing	upbring
uploading	upload
vis	ve
walled	wall
warehouses	warehouse
whoops	whoop
accuses	accuse
approves	approve
assassins	assassin
banged	bang
boomers	boomer
bots	bot
breakers	breaker
busiest	busy
chills	chill
collaborating	collaborate
cruises	cruise
curls	curl
dearest	dear
denotes	denote
derives	derive
diagrams	diagram
drawers	drawer
encrypted	encrypt
escorts	escort
exposes	expose
fishes	fish
foxes	fox
froze	freeze
frying	fry
goodies	goodie
handicapped	handicap
headquartered	headquarter
inhibitors	inhibitor
inverted	invert
juices	juice
keywords	keyword
marches	march
misguided	misguide
motivations	motivation
mutants	mutant
muted	mute
paving	pave
persecuted	persecute
piping	pipe
prohibits	prohibit
pronouns	pronoun
quickest	quick
relocated	relocate
rentals	rental
rigging	rig
seeming	seem
selves	self
sneaking	sneak
straps	strap
strikers	striker
suicides	suicide
supermarkets	supermarket
theorists	theorist
tricked	trick
ver	ve
vibrations	vibration
wilder	wild
withdrawals	withdrawal
withdrawing	withdraw
wrestlers	wrestler
aides	aide
axes	axe
battered	batter
biking	bike
boosts	boost
boxers	boxer
browning	brown
cartridges	cartridge
cherished	cherish
climbs	climb
constrained	constrain
cooperating	cooperate
cottages	cottage
cps	cp
cupcakes	cupcake
darts	dart
disliked	dislike
dotted	dot
drifted	drift
encompasses	encompass
endowed	endow
excerpts	excerpt
explodes	explode
explorers	explorer
fades	fade
figs	fig
floated	float
forgets	forget
fs	f
funnier	funny
georges	george
glued	glue
heats	heat
humiliated	humiliate
immersed	immerse
indices	index
invitations	invitation
jacks	jack
leaned	lean
leases	lease
lunches	lunch
mayors	mayor
melts	melt
michaels	michael
mined	mine
nodded	nod
owls	owl
percentages	percentage
pests	pest
philips	philip
piled	pile
poking	poke
presided	preside
prevailed	prevail
radios	radio
ratified	ratify
realising	realise
refining	refine
regretted	regret
revolving	revolve
robbers	robber
salts	salt
sampled	sample
scrolls	scroll
signalling	signall
sirens	siren
spheres	sphere
spraying	spray
sprung	spring
sugars	sugar
sweetest	sweet
taxing	tax
transcripts	transcript
unpublished	unpublish
weeping	weep
whispering	whisper
acquaintances	acquaintance
amateurs	amateur
archived	archive
astronomers	astronomer
auditions	audition
awarding	award
bicycles	bicycle
braking	brake
chants	chant
characterised	characterise
chocolates	chocolate
clones	clone
commandments	commandment
condensed	condense
contemporaries	contemporary
controversies	controversy
convened	convene
conveyed	convey
crabs	crab
daunting	daunt
demos	demo
dominates	dominate
echoed	echo
elbows	elbow
elves	elf
empires	empire
exhibiting	exhibit
finer	fine
fittings	fitting
flushing	flush
freeing	free
fused	fuse
groves	grove
gutted	gut
hinted	hint
housewives	housewive
hubs	hub
lars	lar
localized	localize
martyrs	martyr
mosques	mosque
necks	neck
nobles	noble
oats	oat
optimized	optimize
overheard	overhear
oversized	oversize
panicked	panick
plunged	plunge
pores	pore
practising	practise
puppets	puppet
reassuring	reassure
rehearsals	rehearsal
renovations	renovation
reservoirs	reservoir
revolves	revolve
scattering	scatter
scripted	script
shedding	shed
shitting	shit
sponsoring	sponsor
stables	stable
startling	startle
strands	strand
superheroes	superhero
tattooed	tattoo
toured	tour
transformations	transformation
warranted	warrant
weakening	weaken
wildcats	wildcat
wipes	wipe
wrists	wrist
yielding	yield
aces	ace
anticipating	anticipate
articulated	articulate
assassinated	assassinate
babes	babe
bandits	bandit
banished	banish
beauties	beauty
bestowed	bestow
bordering	border
bruised	bruise
buns	bun
cabins	cabin
campaigned	campaign
coined	coin
collapsing	collapse
collisions	collision
condemning	condemn
conductors	conductor
cones	cone
consultations	consultation
conversions	conversion
dazzling	dazzle
debuts	debut
deceived	deceive
delaying	delay
desks	desk
detainees	detainee
dictated	dictate
disks	disk
dismissing	dismiss
elevators	elevator
engages	engage
erupted	erupt
fairs	fair
freshmen	freshman
genera	genus
germs	germ
glands	gland
grievances	grievance
joys	joy
kitchens	kitchen
liners	liner
mandates	mandate
mashed	mash
misplaced	misplace
modifying	modify
nearing	near
negatives	negative
nesting	nest
ornaments	ornament
outputs	output
pencils	pencil
pledges	pledge
quits	quit
refurbished	refurbish
repercussions	repercussion
robes	robe
roommates	roommate
rounding	round
rowing	row
rulings	ruling
rumored	rumor
rupees	rupee
scraps	scrap
segregated	segregate
settles	settle
silenced	silence
skeletons	skeleton
skulls	skull
slows	slow
spotting	spot
squared	square
squirrels	squirrel
stimuli	stimulus
tossing	toss
uncertainties	uncertainty
underestimated	underestimate
vowed	vow
waterways	waterway
wetlands	wetland
wrecking	wreck
adaptations	adaptation
antics	antic
appreciates	appreciate
artworks	artwork
asserts	assert
attachments	attachment
begs	beg
bengals	bengal
binds	bind
bitcoins	bitcoin
borrowers	borrower
bras	bra
censored	censor
cheered	cheer
chops	chop
conferred	confer
contrasts	contrast
creeps	creep
deadlines	deadline
digs	dig
diminishing	diminish
disagreements	disagreement
dues	due
dumbest	dumb
dwellings	dwelling
eliminates	eliminate
excludes	exclude
exited	exit
flakes	flake
flavours	flavour
gemini	geminus
gifs	gif
hovering	hover
independents	independent
infused	infuse
initiating	initiate
injuring	injure
inscribed	inscribe
insulated	insulate
jogging	jog
keyboards	keyboard
landowners	landowner
leftovers	leftover
magnets	magnet
manuals	manual
mondays	monday
moons	moon
nearer	near
overseeing	oversee
paused	pause
penned	pen
perpetrators	perpetrator
positives	positive
punishments	punishment
qualifies	qualify
recalling	recall
retreated	retreat
revolutions	revolution
robbing	rob
safeguards	safeguard
savages	savage
sighs	sigh
successors	successor
superiors	superior
tainted	taint
ticks	tick
toddlers	toddler
towed	tow
trapping	trap
validated	validate
wooded	wood
workings	working
adorned	adorn
als	al
annals	annal
apologizing	apologize
archaeologists	archaeologist
bracelets	bracelet
brides	bride
carpets	carpet
carriages	carriage
chained	chain
chats	chat
chopping	chop
cigars	cigar
closures	closure
coasts	coast
collaborated	collaborate
collapses	collapse
cropped	crop
dunes	dune
echoing	echo
ejected	eject
entails	entail
envisioned	envision
exchanging	exchange
exiled	exile
fascists	fascist
flashbacks	flashback
gearing	gear
hauling	haul
hybrids	hybrid
improvised	improvise
infested	infest
insurgents	insurgent
itching	itch
landings	landing
matured	mature
moods	mood
parting	part
preached	preach
proofs	proof
pulses	pulse
racks	rack
refunds	refund
regulars	regular
risked	risk
scams	scam
shaming	shame
shrubs	shrub
slippers	slipper
speculated	speculate
spilling	spill
squeezing	squeeze
stalled	stall
stimulated	stimulate
straits	strait
subdued	subdue
swapped	swap
tagging	tag
throats	throat
tiring	tire
totaled	total
undisclosed	undisclose
undone	undo
vending	vend
wallets	wallet
woes	woe
woken	wake
affirmed	affirm
allowances	allowance
anecdotes	anecdote
animations	animation
appropriations	appropriation
assaulting	assault
baffled	baffle
breached	breach
carbs	carb
cavaliers	cavalier
civilizations	civilization
clapping	clap
clinging	cling
cms	cm
coatings	coating
coils	coil
counselors	counselor
crippling	cripple
decorating	decorate
emphasizing	emphasize
ems	em
enquiries	enquiry
expeditions	expedition
faculties	faculty
fins	fin
flattened	flatten
forwarded	forward
giggles	giggle
gripping	grip
harming	harm
hippie	hippy
hops	hop
ids	id
implements	implement
leaps	leap
lends	lend
lowers	lower
marketers	marketer
mums	mum
necessities	necessity
nerds	nerd
opposes	oppose
parcels	parcel
pigeons	pigeon
portfolios	portfolio
preserves	preserve
promoters	promoter
prosecuting	prosecute
rapes	rape
reefs	reef
referencing	reference
reminders	reminder
repealed	repeal
reptiles	reptile
ribbons	ribbon
screenings	screening
sixties	sixty
slapping	slap
sos	so
subsidized	subsidize
swallowing	swallow
tailed	tail
vineyards	vineyard
wastes	waste
wheeled	wheel
whipping	whip
widows	widow
withheld	withhold
withholding	withhold
administrations	administration
agitated	agitate
aroused	arouse
asserting	assert
besieged	besiege
boilers	boiler
bois	boi
breaches	breach
burying	bury
calming	calm
coincided	coincide
colonists	colonist
compounded	compound
cords	cord
crusaders	crusader
degrading	degrade
deteriorated	deteriorate
distinguishing	distinguish
dreaded	dread
dumps	dump
elongated	elongate
embraces	embrace
encompassing	encompass
evicted	evict
evils	evil
faked	fake
fetched	fetch
flashed	flash
fostering	foster
geese	goose
heaviest	heavy
hispanics	hispanic
hunts	hunt
ideologies	ideology
impoverished	impoverish
interns	intern
intervened	intervene
millionaires	millionaire
olives	olive
outbreaks	outbreak
outnumbered	outnumber
pacing	pace
pennies	penny
protestants	protestant
pursuits	pursuit
reinforcing	reinforce
reinstated	reinstate
rescuing	rescue
ridges	ridge
sermons	sermon
slamming	slam
smoother	smooth
spills	spill
staffed	staff
stumbling	stumble
stunts	stunt
summarized	summarize
tackled	tackle
transmissions	transmission
trucking	truck
warped	warp
whores	whore
widened	widen
academies	academy
adjourned	adjourn
amplified	amplify
approving	approve
atheists	atheist
ax	axe
bearded	beard
beetles	beetle
bends	bend
blazers	blazer
blends	blend
blooded	blood
blossoms	blossom
boxed	box
brows	brow
cams	cam
coveted	covet
crumbs	crumb
cures	cure
curled	curl
deficiencies	deficiency
disturbances	disturbance
embodied	embody
embroidered	embroider
ensued	ensue
exiting	exit
fumes	fume
garnered	garner
glazed	glaze
gon	go
hikes	hike
hinges	hinge
hymns	hymn
intoxicated	intoxicate
jammed	jam
loaned	loan
marginalized	marginalize
milestones	milestone
milling	mill
mods	mod
motivating	motivate
munitions	munition
orioles	oriole
oysters	oyster
partnering	partner
peeled	peel
persisted	persist
pistons	piston
pizzas	pizza
prized	prize
profiling	profile
progressives	progressive
prompts	prompt
quieter	quiet
randomized	randomize
rapists	rapist
redeemed	redeem
revered	revere
roasting	roast
rotting	rot
semifinals	semifinal
shalt	shall
showcasing	showcase
solicitors	solicitor
steamed	steam
studs	stud
swam	swim
sweeps	sweep
teaming	team
tombs	tomb
troopers	trooper
uncles	uncle
volcanoes	volcano
watered	water
achieves	achieve
appointing	appoint
assembling	assemble
bailed	bail
behaviours	behaviour
bidders	bidder
bloated	bloat
blooming	bloom
blooms	bloom
boating	boat
bookings	booking
bowed	bow
cafes	cafe
capsules	capsule
circling	circle
climates	climate
comforts	comfort
compromising	compromise
cowards	coward
cranes	crane
cunts	cunt
cutest	cute
dreamt	dream
electing	elect
enraged	enrage
envelopes	envelope
eroded	erode
estimating	estimate
exemptions	exemption
fingerprints	fingerprint
flowed	flow
flung	fling
fragmented	fragment
grimes	grime
hardships	hardship
headlights	headlight
implanted	implant
intervening	intervene
investigates	investigate
invoked	invoke
latinos	latino
leaflets	leaflet
licences	licence
measles	measle
mentoring	mentor
morales	morale
pastors	pastor
pathogens	pathogen
penetrating	penetrate
phased	phase
portraying	portray
portrays	portray
practised	practise
preferring	preferr
previews	preview
propeller	propel
pyramids	pyramid
quotas	quota
rags	rag
reclaimed	reclaim
resembled	resemble
resided	reside
rotated	rotate
shrugged	shrug
signings	signing
slogans	slogan
solids	solid
solos	solo
spade	spay
spoils	spoil
supplemented	supplement
surveying	survey
swans	swan
temps	temp
thunderstorms	thunderstorm
tilted	tilt
unbiased	unbias
unfolding	unfolde
vibrating	vibrate
adored	adore
alerted	alert
alleges	allege
amends	amend
annoys	annoy
assurances	assurance
attendants	attendant
bays	bay
benefiting	benefit
biases	bias
bundled	bundle
calves	calve
collaborations	collaboration
collaborators	collaborator
commissioning	commission
countered	counter
cramps	cramp
crowdfunding	crowdfund
dentists	dentist
deploying	deploy
deserts	desert
dictates	dictate
eaters	eater
emitted	emit
endeavors	endeavor
enslaved	enslave
entrances	entrance
favours	favour
flourished	flourish
fractions	fraction
funerals	funeral
furnishings	furnishing
hampered	hamper
heals	heal
illustrating	illustrate
inaugurated	inaugurate
indexes	index
insiders	insider
irons	iron
jumpers	jumper
kneeling	kneel
knuckles	knuckle
lifestyles	lifestyle
mirrored	mirror
observes	observe
oilers	oiler
parishes	parish
pats	pat
polluted	pollute
premiered	premiere
pretends	pretend
prettier	pretty
princesses	princess
prohibiting	prohibit
psalms	psalm
pups	pup
republics	republic
rodents	rodent
seams	seam
seizing	seize
sensed	sense
sidelines	sideline
spawning	spawn
stabilized	stabilize
stares	stare
steaming	steam
substitutes	substitute
supervising	supervise
swapping	swap
sweeter	sweet
teased	tease
tees	tee
towing	tow
undermined	undermine
undermining	undermine
untold	untell
uplifting	uplift
upsets	upset
vaccinated	vaccinate
vents	vent
wielding	wield
wingers	winger
wits	wit
wrongs	wrong
abnormalities	abnormality
apprehended	apprehend
ascending	ascend
briefs	brief
cancelling	cancell
canning	can
capitalists	capitalist
categorized	categorize
chromosomes	chromosome
classed	class
clerks	clerk
computed	compute
conquering	conquer
constituencies	constituency
coyotes	coyote
cursing	curse
deadliest	deadly
degraded	degrade
delights	delight
desserts	dessert
dismantled	dismantle
dissatisfied	dissatisfy
distinctions	distinction
docking	dock
dodging	dodge
doubting	doubt
dungeons	dungeon
effected	effect
emptied	empty
encoded	encode
enhances	enhance
entrenched	entrench
fairies	fairy
finalized	finalize
flagged	flag
fleets	fleet
fooling	fool
formatting	format
glaciers	glacier
glaring	glare
hammers	hammer
heaps	heap
homosexuals	homosexual
hooking	hook
hopped	hop
inscriptions	inscription
irregularities	irregularity
jamming	jam
membranes	membrane
memorabilia	memorabile
migrated	migrate
nationalities	nationality
outlining	outline
pacers	pacer
persists	persist
plotted	plot
powdered	powder
pregnancies	pregnancy
presenters	presenter
rained	rain
reasoned	reason
regulates	regulate
reins	rein
rollers	roller
routed	route
rushes	rush
salads	salad
selects	select
sequels	sequel
shattering	shatter
sickening	sicken
sidewalks	sidewalk
specialties	specialty
startled	startle
steaks	steak
streaks	streak
strides	stride
strung	string
summaries	summary
tanning	tan
thine	thy
tractors	tractor
uniting	unite
weirdest	weird
whistles	whistle
wrinkles	wrinkle
ws	w
administering	administer
admiring	admire
ascended	ascend
auntie	aunt
awakened	awaken
barbarians	barbarian
blinds	blind
blinking	blink
breathes	breathe
bribes	bribe
burdens	burden
cadets	cadet
calendars	calendar
camels	camel
carbohydrates	carbohydrate
cavities	cavity
comedies	comedy
commended	commend
compiling	compile
constructions	construction
cultured	culture
dans	dan
deductions	deduction
dips	dip
dives	dive
downed	down
entrants	entrant
errands	errand
exporters	exporter
flares	flare
flops	flop
footed	foot
gilded	gild
introductions	introduction
kinder	kind
masturbating	masturbate
meddling	meddle
nods	nod
orbits	orbit
paramedics	paramedic
perfected	perfect
perished	perish
physicists	physicist
polarized	polarize
portals	portal
predetermined	predetermine
prepaid	prepay
redesigned	redesign
regiments	regiment
renders	render
rounder	round
sausages	sausage
scented	scent
sighting	sight
singled	single
sipping	sip
spat	spit
stacking	stack
stormed	storm
superstars	superstar
templates	template
tightening	tighten
tolls	toll
totaling	total
trademarks	trademark
vacated	vacate
warships	warship
washes	wash
wasps	wasp
aching	ache
acquires	acquire
afflicted	afflict
alienated	alienate
angered	anger
archers	archer
arrays	array
audits	audit
bargains	bargain
beards	beard
billboards	billboard
boils	boil
breaths	breath
brigades	brigade
bumping	bump
burrows	burrow
cairns	cairn
certifications	certification
clipped	clip
commuting	commute
construed	construe
crumbling	crumble
cultivating	cultivate
dangling	dangle
decentralized	decentralize
denominations	denomination
didn	do
differentiated	differentiate
doctrines	doctrine
dyes	dye
electrodes	electrode
embryos	embryo
extracting	extract
flips	flip
flourishing	flourish
footprints	footprint
fountains	fountain
frameworks	framework
freezes	freeze
greats	great
harms	harm
hijacked	hijack
imperfections	imperfection
impulses	impulse
incarcerated	incarcerate
jaguars	jaguar
justifying	justify
laborers	laborer
laced	lace
lemons	lemon
looming	loom
mentors	mentor
minions	minion
motorists	motorist
narrated	narrate
narrower	narrow
navigating	navigate
opting	opt
oversees	oversee
palaces	palace
parades	parade
pioneered	pioneer
pleases	please
pollutants	pollutant
ponies	pony
prettiest	pretty
protagonists	protagonist
purported	purport
quotations	quotation
ramifications	ramification
repaid	repay
responders	responder
retires	retire
sensations	sensation
shafts	shaft
signifies	signify
skates	skate
solves	solve
tending	tend
terraces	terrace
tightened	tighten
tights	tight
tragedies	tragedy
transports	transport
tuesdays	tuesday
turnovers	turnover
unprotected	unprotect
unsettling	unsettle
viewpoints	viewpoint
wealthiest	wealthy
aches	ache
allotted	allot
almonds	almond
annotated	annotate
anomalies	anomaly
arenas	arena
assigning	assign
boasting	boast
booths	booth
budding	bud
charters	charter
climbers	climber
clogged	clog
complexities	complexity
compromises	compromise
congregations	congregation
contradictions	contradiction
cramped	cramp
crates	crate
crawled	crawl
culminating	culminate
cutters	cutter
dashed	dash
demonstrators	demonstrator
departures	departure
differed	differ
dignified	dignify
dwellers	dweller
esteemed	esteem
excused	excuse
flooring	floor
gathers	gather
gunners	gunner
hallucinations	hallucination
hooded	hood
indexed	index
insecurities	insecurity
interrupting	interrupt
jacked	jack
jerks	jerk
joked	joke
leftists	leftist
legalized	legalize
leggings	legging
legions	legion
leveled	level
locomotives	locomotive
manifested	manifest
marries	marry
mercenaries	mercenary
misled	mislead
multiplied	multiply
orbiting	orbit
orchestrated	orchestrate
participates	participate
phoned	phone
polishing	polish
polymers	polymer
postcards	postcard
proverbs	proverb
puzzled	puzzle
ramps	ramp
reckoning	reckon
reconstructed	reconstruct
regents	regent
reiterated	reiterate
rips	rip
salted	salt
seasoning	season
showcased	showcase
sightings	sighting
spanking	spank
spoons	spoon
squats	squat
stills	still
strengthens	strengthen
stung	sting
suppressing	suppress
tenders	tender
timers	timer
unmanned	unman
unsolved	unsolve
ventured	venture
virgins	virgin
watchers	watcher
worshipped	worship
afternoons	afternoon
agendas	agenda
angled	angle
antennas	antenna
assertions	assertion
astonished	astonish
battled	battle
benchmarks	benchmark
breweries	brewery
camped	camp
cherries	cherry
clinicians	clinician
constructs	construct
convicts	convict
cravings	craving
crucified	crucify
dashing	dash
deposed	depose
disclosures	disclosure
ditched	ditch
escalating	escalate
expansions	expansion
experimented	experiment
facilitates	facilitate
fingertips	fingertip
flanked	flank
flushed	flush
frontiers	frontier
geeks	geek
genders	gender
grasses	grass
guineas	guinea
hedges	hedge
huts	hut
hydrated	hydrate
inserting	insert
intersections	intersection
inventing	invent
junkie	junky
leans	lean
makin	mak
minimizing	minimize
nagging	nag
nephews	nephew
normalized	normalize
numbering	number
placements	placement
qualifiers	qualifier
raiding	raid
rallied	rally
recovers	recover
retreating	retreat
rioting	riot
rookies	rookie
scarred	scar
seventies	seventy
shaded	shade
snuck	sneak
sourcing	source
streamlined	streamline
sweaters	sweater
thursdays	thursday
tinted	tint
tornadoes	tornado
trainees	trainee
trembling	tremble
triangles	triangle
tributes	tribute
trojans	trojan
unlocking	unlock
utilizes	utilize
vanishing	vanish
waterfalls	waterfall
activating	activate
adopts	adopt
adverts	advert
antiquities	antiquity
arcs	arc
attaching	attach
auditing	audit
basins	basin
bayer	bay
billings	billing
bios	bio
blacked	black
blanks	blank
brainwashed	brainwash
bytes	byte
calmed	calm
claimants	claimant
clothed	clothe
collided	collide
commentaries	commentary
curing	cure
dehydrated	dehydrate
democracies	democracy
dialects	dialect
distilled	distill
dolores	dolor
electors	elector
endorsements	endorsement
etched	etch
exposures	exposure
facets	facet
fledged	fledge
frustrations	frustration
gals	gal
golfers	golfer
hatched	hatch
hornets	hornet
howling	howl
humbled	humble
inducted	induct
internships	internship
librarians	librarian
licked	lick
lured	lure
maneuvers	maneuver
motifs	motif
nouns	noun
nuanced	nuance
occurrences	occurrence
overcame	overcome
pellets	pellet
penetrated	penetrate
powering	power
preoccupied	preoccupy
protracted	protract
psychiatrists	psychiatrist
railing	rail
reckoned	reckon
reforming	reform
replicated	replicate
repressed	repress
reputed	repute
resigning	resign
restraints	restraint
scanners	scanner
sediments	sediment
serviced	service
slaying	slay
snails	snail
snoring	snore
sped	speed
spores	spore
spurred	spur
stemming	stem
subdivisions	subdivision
toasted	toast
transitioning	transition
translators	translator
veiled	veil
welded	weld
abusers	abuser
accommodating	accommodate
additives	additive
artisans	artisan
auditors	auditor
badgers	badger
behaves	behave
bikers	biker
bolted	bolt
bridging	bridge
budgeting	budget
campers	camper
ceases	cease
cemented	cement
charmed	charm
chemists	chemist
chipped	chip
combating	combat
commencing	commence
complied	comply
contemplated	contemplate
cruisers	cruiser
deteriorating	deteriorate
disagrees	disagree
eased	ease
easing	ease
elevations	elevation
excavated	excavate
excavations	excavation
excursions	excursion
farmed	farm
gardeners	gardener
giggling	giggle
gospels	gospel
gowns	gown
grasping	grasp
grooves	groove
hens	hen
inconsistencies	inconsistency
interconnected	interconnect
kilos	kilo
legislatures	legislature
maids	maid
memberships	membership
migrating	migrate
modelled	modell
motherfuckers	motherfucker
narrowing	narrow
neighbourhoods	neighbourhood
oversaw	oversee
patterned	pattern
perpetrated	perpetrate
pounded	pound
preachers	preacher
premieres	premiere
prosecutions	prosecution
prototypes	prototype
pundits	pundit
rapping	rap
rees	ree
refreshed	refresh
rescues	rescue
residues	residue
revisited	revisit
scaring	scare
sharper	sharp
showcases	showcase
snipers	sniper
spectra	spectrum
spines	spine
spoiling	spoil
strangest	strange
strata	stratum
straws	straw
studded	stud
swedes	swede
thorns	thorn
tiers	tier
towering	tower
tracts	tract
weekdays	weekday
widest	wide
wigs	wig
yachts	yacht
amassed	amass
appalled	appall
arched	arch
bas	ba
biologists	biologist
branching	branch
caregivers	caregiver
centimeters	centimeter
chewed	chew
cleans	clean
compartments	compartment
confines	confine
consumes	consume
contrasted	contrast
critiques	critique
cuffs	cuff
delusions	delusion
diagnoses	diagnose
discriminated	discriminate
dismantling	dismantle
disrupting	disrupt
drags	drag
drugged	drug
endorsing	endorse
equivalents	equivalent
estranged	estrange
flattered	flatter
fonts	font
fours	four
frowned	frown
gangsters	gangster
gibbons	gibbon
greener	green
hawking	hawk
hitters	hitter
impacting	impact
inequalities	inequality
kilograms	kilogram
ladders	ladder
lizards	lizard
marlins	marlin
marshals	marshal
masterpieces	masterpiece
memorials	memorial
muffins	muffin
mugs	mug
netting	net
nudes	nude
overlay	overlie
pastures	pasture
peeing	pee
peeling	peel
perched	perch
rallying	rally
rations	ration
reflexes	reflex
reinforces	reinforce
renewing	renew
reopening	reopen
resurrected	resurrect
rigs	rig
rubs	rub
saddened	sadden
saddest	sad
secluded	seclude
skewed	skew
softened	soften
specifies	specify
sprinkled	sprinkle
strangled	strangle
syllables	syllable
synthesized	synthesize
thirties	thirty
titties	titty
trays	tray
tumbling	tumble
turkeys	turkey
unloading	unload
unmarked	unmark
voicing	voice
voyages	voyage
wednesdays	wednesday
wept	weep
wildest	wild
winnings	winning
woodlands	woodland
yearning	yearn
accomplishing	accomplish
accumulating	accumulate
appreciating	appreciate
assigns	assign
assures	assure
backers	backer
basing	base
batches	batch
beggars	beggar
biographies	biography
bowled	bowl
bubbling	bubble
cheeses	cheese
cloning	clone
countrymen	countryman
culminated	culminate
curses	curse
declarations	declaration
deities	deity
dislikes	dislike
drenched	drenche
dukes	duke
dummies	dummy
earners	earner
encountering	encounter
equities	equity
fakes	fake
feats	feat
forts	fort
franks	frank
gated	gate
glorified	glorify
gunmen	gunman
humming	hum
ignited	ignite
injecting	inject
isolating	isolate
juggling	juggle
justifies	justify
lambs	lamb
leaping	leap
liberating	liberate
lobbyists	lobbyist
looms	loom
messes	mess
metaphors	metaphor
molded	mold
musicals	musical
notebooks	notebook
overflowing	overflow
overshadowed	overshadow
pedals	pedal
pesos	peso
philosophies	philosophy
poked	poke
polled	poll
pussies	pussy
recounts	recount
remastered	remaster
resorted	resort
roofing	roof
safeguarding	safeguard
scrambling	scramble
shielding	shield
shone	shine
sniffing	sniff
sorrows	sorrow
spamming	spam
spiked	spike
sprouts	sprout
staffers	staffer
staffs	staff
stiles	stile
stricter	strict
sympathies	sympathy
telescopes	telescope
threaded	thread
torturing	torture
townships	township
trimming	trim
vulnerabilities	vulnerability
waffles	waffle
waiters	waiter
waivers	waiver
worded	word
ailments	ailment
analysing	analyse
auspices	auspice
awakens	awaken
beheaded	behead
boasted	boast
boroughs	borough
breathed	breathe
cemeteries	cemetery
chases	chase
cheerleaders	cheerleader
coefficients	coefficient
coldest	cold
colouring	colour
combatants	combatant
competes	compete
configured	configure
conflicted	conflict
creams	cream
crooks	crook
dares	dare
despised	despise
dialogues	dialogue
discouraging	discourage
doesn	do
drumming	drum
eighties	eighty
exacerbated	exacerbate
fashions	fashion
filings	filing
folders	folder
gators	gator
grappling	grapple
gunshots	gunshot
handlers	handler
hanks	hank
haunts	haunt
inserts	insert
interceptions	interception
intestines	intestine
inventors	inventor
landscaping	landscape
lds	ld
leveling	level
levied	levy
litres	litre
lodges	lodge
manifestations	manifestation
mavericks	maverick
mounds	mound
nicknames	nickname
nurturing	nurture
obscured	obscure
outlawed	outlaw
ovens	oven
padded	pad
padres	padre
panicking	panick
pints	pint
pours	pour
prejudices	prejudice
proclaiming	proclaime
racers	racer
relieving	relieve
rims	rim
scrubs	scrub
servicemen	serviceman
setbacks	setback
sevens	seven
sewers	sewer
sexiest	sexy
shepherds	shepherd
shoving	shove
smuggled	smuggle
stitched	stitch
storylines	storyline
straining	strain
suspensions	suspension
takers	taker
terminating	terminate
testifying	testify
triumphs	triumph
unbroken	unbreak
unsettled	unsettle
unveiling	unveil
versed	verse
whopping	whop
adversaries	adversary
ambushed	ambush
applauded	applaud
aunts	aunt
babysitting	babysit
bled	bleed
botched	botch
bouts	bout
bunnies	bunny
captives	captive
clarifying	clarify
commuters	commuter
complying	comply
condemns	condemn
congratulated	congratulate
crickets	cricket
cumming	cum
deformed	deform
directives	directive
drawbacks	drawback
drs	dr
emitting	emit
emperors	emperor
eras	era
esports	esport
eyeballs	eyeball
fifties	fifty
forwarding	forward
gazing	gaze
golfing	golf
goons	goon
guesses	guess
gums	gum
handcuffs	handcuff
herds	herd
hindered	hinder
hookers	hooker
horsemen	horseman
illuminating	illuminate
indebted	indebt
interacts	interact
interfered	interfere
jerking	jerk
kilometre	kilometer
lagging	lag
lawns	lawn
lice	louse
looted	loot
loudest	loud
moths	moth
movers	mover
organisers	organiser
pamphlets	pamphlet
paparazzi	paparazzo
pauses	pause
prescribing	prescribe
probing	probe
publicized	publicize
purest	pure
queues	queue
rambling	ramble
recruiters	recruiter
remanded	remand
revolutionaries	revolutionary
robberies	robbery
seeding	seed
shamed	shame
shenanigans	shenanigan
skiers	skier
smacked	smack
smiths	smith
someones	someone
staggered	stagger
staining	stain
stalked	stalk
stemmed	stem
stipulated	stipulate
substrates	substrate
sufferers	sufferer
surfers	surfer
swallows	swallow
synonyms	synonym
theses	thesis
trashed	trash
unbalanced	unbalance
vertebrae	vertebra
vowels	vowel
wheeling	wheel
whistling	whistle
accompanies	accompany
alloys	alloy
ani	anus
arisen	arise
asteroids	asteroid
bespoke	bespeak
blinding	blind
booted	boot
canceling	cancel
cereals	cereal
coincides	coincide
confronts	confront
cougars	cougar
craftsmen	craftsman
damning	damn
deranged	derange
dissenting	dissent
distressing	distress
docked	dock
dries	dry
faiths	faith
fanatics	fanatic
fingernails	fingernail
flaps	flap
footnotes	footnote
guaranteeing	guarantee
hades	hade
huskies	husky
hypotheses	hypothesis
imitating	imitate
imposes	impose
infiltrated	infiltrate
intertwined	intertwine
inventories	inventory
jails	jail
lanterns	lantern
launchers	launcher
mansions	mansion
meatballs	meatball
midfielders	midfielder
militias	militia
nominating	nominate
operas	opera
patrolling	patrol
payers	payer
primates	primate
rattling	rattle
recounted	recount
referrals	referral
relocating	relocate
reparations	reparation
researches	research
resigns	resign
satisfies	satisfy
scraped	scrape
shielded	shield
showered	shower
sizing	size
slabs	slab
slums	slum
sockets	socket
sprays	spray
swayed	sway
synchronized	synchronize
tentacles	tentacle
tutoring	tutor
undecided	undecide
utensils	utensil
vaults	vault
volts	volt
waged	wage
warmest	warm
abbreviated	abbreviate
analyzes	analyze
artefacts	artefact
bachelors	bachelor
batted	bat
bitching	bitch
breakdowns	breakdown
briefed	brief
brownies	brownie
browsers	browser
cabs	cab
captions	caption
chests	chest
comets	comet
concentrates	concentrate
contractions	contraction
copyrighted	copyright
crammed	cram
cushions	cushion
debilitating	debilitate
deepening	deepen
dependencies	dependency
destroyers	destroyer
devotees	devotee
directories	directory
disclosing	disclose
discrepancies	discrepancy
disparities	disparity
drier	dry
efficiencies	efficiency
embodies	embody
exaggerating	exaggerate
excelled	excel
extinguished	extinguish
farts	fart
fated	fate
fibres	fibre
frequented	frequent
gaping	gape
glimpses	glimpse
glittering	glitter
grinning	grin
grizzlies	grizzly
hammering	hammer
hays	hay
hounds	hound
implementations	implementation
invasions	invasion
labourers	labourer
lettering	letter
liters	liter
lumps	lump
marbles	marble
milking	milk
millennia	millennium
molding	mold
mortals	mortal
nodding	nod
nuclei	nucleus
orgasms	orgasm
originates	originate
ousted	oust
patched	patch
perverted	pervert
photographing	photograph
photons	photon
playlists	playlist
pumpkins	pumpkin
purified	purify
ragged	rag
rainbows	rainbow
recorders	recorder
relays	relay
reviving	revive
rewritten	rewrite
riddled	riddle
ridiculed	ridicule
rotations	rotation
rugs	rug
sauces	sauce
skis	ski
sluts	slut
soaps	soap
sprawling	sprawl
stinks	stink
tori	torus
touted	tout
undergoes	undergo
unearthed	unearth
unqualified	unqualify
vests	vest
warms	warm
wavelengths	wavelength
whips	whip
workplaces	workplace
aborted	abort
absorbs	absorb
activates	activate
adjectives	adjective
adventurers	adventurer
alcoholics	alcoholic
announcers	announcer
attaining	attain
bagged	bag
branched	branch
bruising	bruise
bums	bum
bureaucrats	bureaucrat
challengers	challenger
charting	chart
classifications	classification
clocked	clock
coasters	coaster
collars	collar
computerized	computerize
conveying	convey
cornered	corner
craziest	crazy
defying	defy
dictators	dictator
dictionaries	dictionary
disabling	disable
disillusioned	disillusion
draped	drape
eels	eel
emphasised	emphasise
entangled	entangle
fates	fate
fermented	ferment
ferries	ferry
frees	free
fringes	fringe
handbags	handbag
heaters	heater
hebrews	hebrew
heres	here
interrogated	interrogate
juveniles	juvenile
kinks	kink
matrices	matrix
menacing	menace
microbes	microbe
midterms	midterm
moors	moor
neglecting	neglect
padding	pad
periodicals	periodical
pharmacies	pharmacy
plaques	plaque
plastered	plaster
plucked	pluck
prepping	prep
rebates	rebate
recognises	recognise
recognising	recognise
reconciled	reconcile
refunded	refund
revamped	revamp
revising	revise
rhinos	rhino
scorers	scorer
sewn	sew
shelling	shell
shrunk	shrink
slashed	slash
sobs	sob
soles	sole
souvenirs	souvenir
stalling	stall
stamping	stamp
suckers	sucker
swears	swear
tablespoons	tablespoon
tampering	tamper
tankers	tanker
telephones	telephone
testicles	testicle
timelines	timeline
uniformed	uniform
unionists	unionist
unloaded	unload
uttered	utter
wares	ware
accolades	accolade
admirers	admirer
anarchists	anarchist
appoints	appoint
aws	aw
bakers	baker
barons	baron
battalions	battalion
bombarded	bombard
boulders	boulder
bounces	bounce
busts	bust
calibrated	calibrate
captivating	captivate
cartels	cartel
chatted	chat
childs	child
circled	circle
clinched	clinch
clutching	clutch
combs	comb
complimented	compliment
congested	congest
connectors	connector
consecrated	consecrate
contaminants	contaminant
conveys	convey
criticizes	criticize
deceiving	deceive
defaults	default
deliberations	deliberation
denoted	denote
departs	depart
disgraced	disgrace
domesticated	domesticate
dwarfs	dwarf
enrolling	enroll
ers	er
eruptions	eruption
fostered	foster
furthest	far
glanced	glance
grossed	gross
gyms	gym
helpers	helper
hogs	hog
inciting	incite
incumbents	incumbent
lauded	laud
lei	leu
libs	lib
motivates	motivate
mustered	muster
orphaned	orphan
ova	ovum
paces	pace
particulars	particular
pebbles	pebble
pelicans	pelican
pensioners	pensioner
personalised	personalise
pickled	pickle
policymakers	policymaker
pranks	prank
ravaged	ravage
rivalries	rivalry
sabres	sabre
sayings	saying
scariest	scary
seconded	second
seduced	seduce
shilling	shill
shutters	shutter
slaps	slap
specifying	specify
stewards	steward
stupidest	stupid
superseded	supersede
surpassing	surpass
swirling	swirl
teas	tea
timbers	timber
tormented	torment
traumatized	traumatize
unsigned	unsign
unspoken	unspeak
upholding	uphold
wildfires	wildfire
yorkers	yorker
accommodated	accommodate
altitudes	altitude
antidepressants	antidepressant
apologizes	apologize
attested	attest
aunty	aunt
ballads	ballad
bordered	border
bottling	bottle
bustling	bustle
capitalized	capitalize
carers	carer
cheerleading	cheerlead
chipping	chip
clutches	clutch
composites	composite
consolidating	consolidate
contends	contend
contradicts	contradict
deducted	deduct
descends	descend
distinguishes	distinguish
embarking	embark
enhancements	enhancement
evolves	evolve
eyeing	eye
eyelids	eyelid
favoring	favor
fenced	fence
foothills	foothill
forsaken	forsake
geniuses	genius
groomed	groom
hordes	horde
inspecting	inspect
knitted	knit
lighted	light
loathing	loathe
loyalists	loyalist
misconceptions	misconception
mobs	mob
mutilated	mutilate
nuances	nuance
orchards	orchard
outlaws	outlaw
ovaries	ovary
pears	pear
pharmacists	pharmacist
photoshopped	photoshop
pitted	pit
pleads	plead
poisons	poison
probabilities	probability
purchasers	purchaser
rattled	rattle
rbs	rb
realises	realise
receptions	reception
remodeling	remodel
renters	renter
resorting	resort
retreats	retreat
ruptured	rupture
shillings	shilling
shortcuts	shortcut
shortlisted	shortlist
shreds	shred
shrines	shrine
stalks	stalk
storming	storm
strippers	stripper
succumbed	succumb
temptations	temptation
thrills	thrill
thumping	thump
transcribed	transcribe
tropics	tropic
unfolded	unfolde
westerners	westerner
zoned	zone
affirming	affirm
airstrikes	airstrike
aisles	aisle
amps	amp
apprentices	apprentice
awoke	awake
bowing	bow
brewed	brew
buttocks	buttock
carat	karat
coles	cole
conserved	conserve
contrived	contrive
corrugated	corrugate
crept	creep
crunching	crunch
crushes	crush
cults	cult
deluded	delude
deployments	deployment
disbanded	disband
discredited	discredit
distributes	distribute
dons	don
doughnuts	doughnut
edging	edge
elaborated	elaborate
embassies	embassy
enchanting	enchant
entertainers	entertainer
exalted	exalt
flanks	flank
fouls	foul
fueling	fuel
gents	gent
glitches	glitch
governs	govern
gusts	gust
hailing	hail
hashtags	hashtag
hast	have
impeached	impeach
installments	installment
israelites	israelite
jus	ju
labelling	labell
layouts	layout
lilies	lily
marshes	marsh
microphones	microphone
mobilized	mobilize
molested	molest
monies	money
necklaces	necklace
officiating	officiate
opposites	opposite
overarching	overarch
overseen	oversee
peptides	peptide
pitfalls	pitfall
pixie	pixy
poaching	poach
powders	powder
primed	prime
protectors	protector
racking	rack
raving	rave
recreated	recreate
reigned	reign
renewables	renewable
replays	replay
retirees	retiree
romances	romance
scarves	scarf
shortening	shorten
showering	shower
skateboarding	skateboard
skips	skip
snowboarding	snowboard
suspending	suspend
swamps	swamp
swaps	swap
tapered	taper
testimonies	testimony
textured	texture
thresholds	threshold
thwarted	thwart
torches	torch
torpedoes	torpedo
transplants	transplant
tributaries	tributary
trumpets	trumpet
turrets	turret
tutors	tutor
tweaks	tweak
unchecked	uncheck
unfolds	unfold
unifying	unify
unites	unite
utilised	utilise
weathered	weather
whooping	whoop
widowed	widow
willed	will
worsening	worsen
wounding	wound
accords	accord
accrued	accrue
appropriated	appropriate
arming	arm
barns	barn
blueprints	blueprint
bodyguards	bodyguard
briefings	briefing
bugging	bug
candies	candy
chairmen	chairman
commemorating	commemorate
conceding	concede
contended	contend
contradicted	contradict
crazed	craze
decaying	decay
discriminating	discriminate
doth	do
downgraded	downgrade
dumber	dumb
dwarves	dwarf
fellowships	fellowship
geologists	geologist
giveaways	giveaway
gliding	glide
googled	google
grilling	grill
gripped	grip
hurling	hurl
hurried	hurry
hypocrites	hypocrite
induces	induce
inflamed	inflame
innocents	innocent
islamists	islamist
lecturers	lecturer
lecturing	lecture
lobes	lobe
manifests	manifest
medics	medic
ment	ming
messengers	messenger
mitigating	mitigate
moderated	moderate
monarchs	monarch
mortars	mortar
multiples	multiple
murals	mural
nineties	ninety
nosed	nose
nukes	nuke
ordinances	ordinance
overtaken	overtake
pandas	panda
pickups	pickup
pinched	pinch
postings	posting
puns	pun
quarterbacks	quarterback
quarterfinals	quarterfinal
quests	quest
raisins	raisin
ranting	rant
recited	recite
refineries	refinery
reverted	revert
rewriting	rewrite
sculpted	sculpt
sects	sect
sheriffs	sheriff
shivering	shiver
sightseeing	sightsee
skaters	skater
slicing	slice
spades	spade
specialising	specialise
stimulates	stimulate
stomping	stomp
stroking	stroke
stuffs	stuff
superpowers	superpower
thinning	thin
trespassing	trespass
undergraduates	undergraduate
underwriting	underwrite
unplanned	unplan
venting	vent
warring	war
adherents	adherent
adhering	adhere
affiliations	affiliation
amplifiers	amplifier
anxieties	anxiety
approvals	approval
associating	associate
audited	audit
baffling	baffle
banded	band
bathed	bathe
betraying	betray
blockers	blocker
booing	boo
bowlers	bowler
buddhists	buddhist
bummed	bum
burdened	burden
checkpoints	checkpoint
clams	clam
clintons	clinton
communicates	communicate
congressmen	congressman
cummins	cummin
darkened	darken
dazed	daze
devolved	devolve
dieting	diet
diners	diner
drinkers	drinker
endearing	endear
etching	etch
exemplified	exemplifie
fancied	fancy
focussed	focus
foraging	forage
forbids	forbid
gamblers	gambler
garages	garage
golds	gold
grids	grid
grossing	gross
hails	hail
hallways	hallway
hippo	hippopotamus
imagines	imagine
institutionalized	institutionalize
instructing	instruct
invests	invest
juries	jury
lids	lid
likened	liken
martins	martin
masking	mask
mathematicians	mathematician
maximizing	maximize
methodologies	methodology
microorganisms	microorganism
moans	moan
moderates	moderate
monasteries	monastery
narrows	narrow
niggas	nigga
overloaded	overload
parentheses	parenthesis
pigments	pigment
pinning	pin
planks	plank
pressuring	pressure
prophecies	prophecy
puzzling	puzzle
reformers	reformer
registrations	registration
rehearsing	rehearse
resolves	resolve
scammers	scammer
shippers	shipper
sighed	sigh
sizzling	sizzle
slowest	slow
steered	steer
straightened	straighten
surrendering	surrender
tanned	tan
tapering	taper
tweaking	tweak
undermines	undermine
unmatched	unmatch
uploads	upload
vaccinations	vaccination
valuations	valuation
worsened	worsen
zoos	zoo
adhered	adhere
advancements	advancement
aggravating	aggravate
ancients	ancient
assuring	assure
authorizing	authorize
autographs	autograph
autos	auto
backups	backup
beacons	beacon
bearers	bearer
bracing	brace
burgeoning	burgeon
cancels	cancel
chaps	chap
churning	churn
clashed	clash
comforted	comfort
condos	condo
confesses	confess
consented	consent
contesting	contest
crocodiles	crocodile
crutches	crutch
detonated	detonate
disappointments	disappointment
dodged	dodge
dredging	dredge
emigrated	emigrate
enticing	entice
evoked	evoke
excesses	excess
exhilarating	exhilarate
eyelashes	eyelash
fainted	faint
ferns	fern
flared	flare
fronted	front
gauges	gauge
grated	grate
greets	greet
gunned	gun
handouts	handout
headers	header
hives	hive
increments	increment
industrialized	industrialize
inferred	infer
inhibits	inhibit
insides	inside
interruptions	interruption
isotopes	isotope
jagged	jag
laces	lace
lamented	lament
massacred	massacre
massacres	massacre
maturing	mature
mediums	medium
minding	mind
molds	mold
motorized	motorize
ora	oris
orchids	orchid
overgrown	overgrow
overlooks	overlook
overruled	overrule
painkillers	painkiller
partitions	partition
peaking	peak
premiers	premier
professed	profess
rants	rant
reaffirmed	reaffirm
reciting	recite
reels	reel
rei	reus
resists	resist
restricts	restrict
rethinking	rethink
runways	runway
scents	scent
secs	sec
secures	secure
seedlings	seedling
sera	serum
sikhs	sikh
skyscrapers	skyscraper
slurs	slur
somethings	something
sprang	spring
stabilizing	stabilize
stitching	stitch
strives	strive
stumps	stump
subordinates	subordinate
summarizes	summarize
theologians	theologian
throbbing	throb
tilting	tilt
trailed	trail
treasured	treasure
twigs	twig
umpires	umpire
wedges	wedge
whomever	whoever
abstracts	abstract
alluded	allude
alters	alter
amounting	amount
attaches	attache
bowers	bower
bridesmaids	bridesmaid
brooding	brood
canes	cane
championed	champion
clapped	clap
clerics	cleric
cockroaches	cockroach
coerced	coerce
collectibles	collectible
conspirators	conspirator
conspired	conspire
conspiring	conspire
contours	contour
courting	court
cuddling	cuddle
defied	defy
depictions	depiction
derailed	derail
diseased	disease
disgruntled	disgruntle
ducts	duct
dusted	dust
enacting	enact
envisaged	envisage
fanning	fan
firemen	fireman
fives	five
fleas	flea
fosters	foster
fugitives	fugitive
graces	grace
grandkids	grandkid
harmonies	harmony
hikers	hiker
homicides	homicide
indulging	indulge
ingested	ingest
inhibited	inhibit
intensifies	intensify
interacted	interact
intruders	intruder
iterations	iteration
judgements	judgement
leveraged	leverage
levers	lever
lobbied	lobby
loopholes	loophole
mattresses	mattress
milligrams	milligram
mimics	mimic
misunderstandings	misunderstanding
nanoparticles	nanoparticle
nightclubs	nightclub
omissions	omission
pardoned	pardon
parliaments	parliament
partisans	partisan
perils	peril
permissions	permission
plugging	plug
reassured	reassure
rescheduled	reschedule
reworked	rework
schooled	school
screeching	screech
shunned	shun
snowflakes	snowflake
sous	sou
spanned	span
sparring	spar
spectacles	spectacle
stings	sting
umbrellas	umbrella
understated	understate
unplugged	unplug
vases	vase
vetting	vet
wailing	wail
wrestled	wrestle
abolishing	abolish
addictions	addiction
anointed	anoint
arias	aria
bashed	bash
batters	batter
bewildered	bewilder
binoculars	binocular
calculates	calculate
callers	caller
cashed	cash
catalysts	catalyst
catered	cater
checkers	checker
cheques	cheque
concealing	conceal
condescending	condescend
crores	crore
deactivated	deactivate
decreed	decree
deems	deem
delegated	delegate
detects	detect
dignitaries	dignitary
dismisses	dismiss
ditches	ditch
doves	dove
droplets	droplet
dusting	dust
egos	ego
explorations	exploration
gleaming	gleam
gypsies	gypsy
happenings	happening
hinting	hint
hoarding	hoard
homers	homer
hoods	hood
illegals	illegal
influencers	influencer
interspersed	intersperse
invoking	invoke
ironing	iron
junctions	junction
licks	lick
lifetimes	lifetime
littered	litter
loosing	loose
magicians	magician
monopolies	monopoly
mormons	mormon
mutated	mutate
nostrils	nostril
nurtured	nurture
oiled	oil
overheating	overheat
overreacting	overreact
overthrown	overthrow
peed	pee
peeps	peep
prays	pray
raps	rap
rearing	rear
refrigerated	refrigerate
restarted	restart
riffs	riff
rockers	rocker
scaffolding	scaffold
sensibilities	sensibility
sidelined	sideline
signaled	signal
smugglers	smuggler
snapshots	snapshot
snowing	snow
songwriters	songwriter
soups	soup
spoilt	spoil
stockholders	stockholder
stuttering	stutter
subdivided	subdivide
sweats	sweat
thrives	thrive
tingling	tingle
todays	today
trackers	tracker
tufts	tuft
tumours	tumour
underlined	underline
universes	universe
valuables	valuable
vultures	vulture
wrenching	wrench
ares	are
booed	boo
bugged	bug
bunkers	bunker
cancellations	cancellation
canons	canon
caters	cater
chuckles	chuckle
cloths	cloth
clustered	cluster
complemented	complement
compounding	compound
conforming	conform
connotations	connotation
correlations	correlation
crazier	crazy
cricketers	cricketer
crisps	crisp
criticising	criticise
crowning	crown
delegations	delegation
dispensing	dispense
disregarded	disregard
dissidents	dissident
dreamers	dreamer
dwindling	dwindle
embellished	embellish
enlightening	enlighten
exempted	exempt
exerted	exert
exiles	exile
fairer	fair
fairest	fair
goers	goer
guerrillas	guerrilla
highlanders	highlander
incapacitated	incapacitate
inflicting	inflict
initiates	initiate
internationals	international
interpreters	interpreter
interrupts	interrupt
invoices	invoice
laminated	laminate
ligaments	ligament
luxuries	luxury
maneuvering	maneuver
marathons	marathon
marred	mar
midwives	midwive
mitochondria	mitochondrion
mixtures	mixture
mouthed	mouth
mowing	mow
mussels	mussel
nieces	niece
outages	outage
outings	outing
overcrowded	overcrowd
overriding	override
persuading	persuade
planters	planter
playgrounds	playground
potentials	potential
prevails	prevail
reeling	reel
remixes	remix
retailing	retail
reused	reuse
scrubbing	scrub
servings	serving
shrinks	shrink
simons	simon
smeared	smear
softening	soften
splashing	splash
stomachs	stomach
strolling	stroll
swells	swell
tenets	tenet
tiered	tier
transitioned	transition
transmitters	transmitter
tripled	triple
ulcers	ulcer
unicorns	unicorn
unveils	unveil
valentines	valentine
vaping	vape
verifying	verify
wrecks	wreck
wronged	wrong
ailing	ail
amazes	amaze
blueberries	blueberry
blushing	blush
bowels	bowel
braided	braid
brochures	brochure
cashing	cash
catalogs	catalog
cautioned	caution
channeling	channel
civilised	civilise
confessing	confess
conspiracies	conspiracy
constants	constant
cooperated	cooperate
creeks	creek
currie	curry
denouncing	denounce
densities	density
disallowed	disallow
dispatches	dispatch
dissolving	dissolve
diverting	divert
duped	dupe
duplicated	duplicate
emptying	empty
enclosures	enclosure
endangering	endanger
environmentalists	environmentalist
evokes	evoke
fared	fare
fingered	finger
fished	fish
flicks	flick
foregoing	forego
gags	gag
gendered	gender
goddesses	goddess
guilds	guild
gunning	gun
hairstyles	hairstyle
hesitated	hesitate
hurled	hurl
ingrained	ingrain
inhaled	inhale
injustices	injustice
inked	ink
inspirations	inspiration
lakhs	lakh
lieutenants	lieutenant
machining	machine
massages	massage
memorized	memorize
metabolites	metabolite
migraines	migraine
multiplying	multiply
naps	nap
netted	net
newborns	newborn
obstructing	obstruct
oldies	oldie
organizes	organize
penalized	penalize
piercings	piercing
pondering	ponder
popes	pope
precincts	precinct
procured	procure
proxies	proxy
puffs	puff
purged	purge
pursues	pursue
recoveries	recovery
remarried	remarry
repealing	repeal
resonates	resonate
rms	rm
rotates	rotate
scorching	scorch
shelled	shell
shingles	shingle
silencing	silence
sloping	slope
soliciting	solicit
sparking	spark
spied	spy
spinners	spinner
spits	spit
steeped	steep
strewn	strew
swaying	sway
televisions	television
tinged	tinge
toms	tom
tribunals	tribunal
tweaked	tweak
undoing	undo
valuing	value
vaulted	vault
vegans	vegan
waxed	wax
webs	web
affections	affection
aggregates	aggregate
ambulances	ambulance
antagonists	antagonist
assimilated	assimilate
averted	avert
backpacks	backpack
beets	beet
bellows	bellow
blisters	blister
boosters	booster
butchers	butcher
charred	char
choreographed	choreograph
clearances	clearance
cloned	clone
cloves	clove
correlates	correlate
crusades	crusade
curtailed	curtail
decimated	decimate
decrees	decree
deflected	deflect
dissipated	dissipate
emailing	email
engulfed	engulf
exes	ex
failings	failing
feeders	feeder
flexing	flex
forbidding	forbid
forfeited	forfeit
formulations	formulation
fortifications	fortification
fouled	foul
functioned	function
fuses	fuse
gaines	gaine
gan	gin
generalizations	generalization
gorillas	gorilla
gratifying	gratify
haircuts	haircut
handcuffed	handcuff
harrowing	harrow
headlining	headline
hells	hell
hhs	hh
hinged	hinge
infringing	infringe
innovators	innovator
kms	km
layoffs	layoff
lockers	locker
longed	longe
mimicking	mimick
mistook	mistake
moles	mole
nicks	nick
obliterated	obliterate
otters	otter
pegged	peg
persians	persian
polluting	pollute
projectiles	projectile
propositions	proposition
purses	purse
rabbis	rabbi
ranchers	rancher
rarest	rare
reared	rear
refuted	refute
resented	resent
rioters	rioter
robins	robin
roosters	rooster
rosters	roster
sacking	sack
scarring	scar
scheming	scheme
scorched	scorch
scripting	script
sharpened	sharpen
skeptics	skeptic
slashing	slash
slotted	slot
specialises	specialise
speculating	speculate
sponges	sponge
stinging	sting
subbed	sub
summoning	summon
tiniest	tiny
totalling	total
trafficked	traffick
trampled	trample
tubs	tub
upped	up
ushered	usher
worshipping	worship
alleys	alley
apologised	apologise
bandages	bandage
barges	barge
bds	bd
beaded	bead
beavers	beaver
blindfolded	blindfold
blokes	bloke
broadening	broaden
caged	cage
carpenters	carpenter
castes	caste
chimes	chime
closets	closet
clouded	cloud
coalitions	coalition
cooperatives	cooperative
corals	coral
countering	counter
curving	curve
deans	dean
decked	deck
deepened	deepen
dialing	dial
discharges	discharge
disruptions	disruption
distancing	distance
ditching	ditch
donkeys	donkey
earbuds	earbud
energized	energize
equates	equate
excitedly	excited
executes	execute
farthest	far
fatter	fat
fillers	filler
furnaces	furnace
gills	gill
harsher	harsh
hatching	hatch
housemates	housemate
hues	hue
humbling	humble
hydrocarbons	hydrocarbon
impurities	impurity
inhibiting	inhibit
inks	ink
inns	inn
jesuits	jesuit
loyalties	loyalty
lynching	lynch
millers	miller
mites	mite
mobiles	mobile
parishioners	parishioner
payouts	payout
plunging	plunge
protruding	protrude
quarries	quarry
raged	rage
rages	rage
regaining	regain
rehearsed	rehearse
rooftops	rooftop
salvaged	salvage
scrapping	scrap
semis	semi
shuffling	shuffle
snippets	snippet
soared	soar
solidified	solidify
solvents	solvent
spearheaded	spearhead
spooked	spook
sprints	sprint
stylized	stylize
subscribing	subscribe
suffocating	suffocate
ticked	tick
tins	tin
transistors	transistor
transpired	transpire
transplanted	transplant
waging	wage
worshippers	worshipper
zeros	zero
affords	afford
bacterium	bacteria
biggs	bigg
breakthroughs	breakthrough
bribed	bribe
calmer	calm
catalogues	catalogue
chuckled	chuckle
complements	complement
convoluted	convolute
cools	cool
cremated	cremate
cropping	crop
crowding	crowd
curators	curator
decoding	decode
devoured	devour
dilapidated	dilapidate
divas	diva
drooling	drool
ducking	duck
duplicates	duplicate
excites	excite
exclaimed	exclaim
fifths	fifth
frosting	frost
fuelled	fuel
gasping	gasp
globes	globe
heretics	heretic
hiccups	hiccup
individualized	individualize
instigated	instigate
interferes	interfere
isn	be
kidnappers	kidnapper
leapt	leap
livelihoods	livelihood
mags	mag
meager	meagre
minimized	minimize
mistreated	mistreat
misused	misuse
mons	mon
napkins	napkin
niches	niche
ninjas	ninja
opioids	opioid
overcrowding	overcrowd
pastries	pastry
perplexed	perplex
petting	pet
prejudiced	prejudice
propped	prop
protons	proton
pruning	prune
queuing	queue
quizzes	quiz
rarer	rare
redacted	redact
regretting	regret
reimbursed	reimburse
restores	restore
retracted	retract
reverses	reverse
shackles	shackle
shards	shard
simplifying	simplify
sinned	sin
slugs	slug
smoothies	smoothie
somber	sombre
stabs	stab
stools	stool
sues	sue
surges	surge
surveyors	surveyor
sweepstakes	sweepstake
syndicated	syndicate
tailoring	tailor
tendered	tender
ticketing	ticket
trams	tram
triplets	triplet
uncovering	uncover
unwritten	unwrite
vetted	vet
wading	wade
wallpapers	wallpaper
waning	wane
abbreviations	abbreviation
admins	admin
aggregated	aggregate
argos	argo
ascribed	ascribe
auctioned	auction
backfired	backfire
balconies	balcony
bibles	bible
bleaching	bleach
bleeds	bleed
broadened	broaden
bulletins	bulletin
burials	burial
canyons	canyon
clamps	clamp
clearest	clear
coffins	coffin
conquests	conquest
consenting	consent
contending	contend
corresponded	correspond
cucumbers	cucumber
curricula	curriculum
defies	defy
demoted	demote
depraved	deprave
designations	designation
deviations	deviation
diced	dice
distortions	distortion
divorces	divorce
earths	earth
enriching	enrich
enshrined	enshrine
erasing	erase
evaporated	evaporate
fas	fa
flavoured	flavour
forgave	forgive
forties	forty
genomes	genome
glances	glance
grammys	grammy
hippies	hippie
holed	hole
honed	hone
horned	horn
imaginations	imagination
impairments	impairment
indictments	indictment
integrates	integrate
junkies	junkie
lashing	lash
lectured	lecture
lees	lee
levelled	level
lightening	lighten
macs	mac
milder	mild
millimeters	millimeter
misfits	misfit
mocks	mock
muffled	muffle
muses	muse
notched	notch
obtains	obtain
pausing	pause
perfecting	perfect
petitioned	petition
plumbers	plumber
ported	port
precursors	precursor
promos	promo
rammed	ram
recollections	recollection
remodeled	remodel
reproducing	reproduce
reputations	reputation
rubles	ruble
scooped	scoop
shotguns	shotgun
sleepers	sleeper
smashes	smash
smoothing	smoothe
sneaks	sneak
spares	spare
spewing	spew
stinking	stink
summits	summit
sunsets	sunset
swelled	swell
symbolizes	symbolize
toothed	tooth
trillions	trillion
undefined	undefine
vetoed	veto
victimized	victimize
wanders	wander
weakens	weaken
yawning	yawn
accomplices	accomplice
adjusts	adjust
annuities	annuity
bagels	bagel
beaming	beam
bigots	bigot
bleached	bleach
bloods	blood
boggling	boggle
bookstores	bookstore
boos	boo
boycotting	boycott
braced	brace
bulging	bulge
burners	burner
bystanders	bystander
ceded	cede
cheaters	cheater
clustering	cluster
commandos	commando
constitutions	constitution
convoys	convoy
craters	crater
cuttings	cutting
dawned	dawn
defected	defect
dilemmas	dilemma
dislocated	dislocate
emanating	emanate
endeavours	endeavour
ensues	ensue
eradicated	eradicate
fancies	fancy
fewest	few
fielded	field
fingering	finger
flocks	flock
forbade	forbid
forested	forest
frauds	fraud
friendlies	friendly
fronting	front
frosted	frost
furthering	further
groupings	grouping
hallowed	hallow
halting	halt
handguns	handgun
incriminating	incriminate
informants	informant
infringed	infringe
inhaling	inhale
inundated	inundate
jarring	jar
marshmallows	marshmallow
masons	mason
mays	may
meditating	meditate
migrations	migration
misinterpreted	misinterpret
mixers	mixer
natured	nature
nested	nest
notifying	notify
numerals	numeral
obeying	obey
pedophiles	pedophile
pertains	pertain
petrified	petrify
piloted	pilot
pinching	pinch
pressurized	pressurize
pricks	prick
profiled	profile
questionnaires	questionnaire
racked	rack
radiating	radiate
reclaiming	reclaim
redding	redd
reprints	reprint
resounding	resound
restrooms	restroom
ripples	ripple
roared	roar
rumoured	rumour
samuels	samuel
separatists	separatist
slaughtering	slaughter
slumped	slump
smacks	smack
sores	sore
splashed	splash
sprained	sprain
squadrons	squadron
stumbles	stumble
substituting	substitute
suitcases	suitcase
truncated	truncate
unregistered	unregister
untrained	untrain
videogames	videogame
walnuts	walnut
wealthier	wealthy
yanks	yank
accorded	accord
airmen	airman
aligning	align
allocations	allocation
alluring	allure
anthropologists	anthropologist
architectures	architecture
beatings	beating
bequeathed	bequeath
brothels	brothel
buckeyes	buckeye
buffers	buffer
buffs	buff
buzzed	buzz
bylaws	bylaw
coffees	coffee
confuses	confuse
contraceptives	contraceptive
corrects	correct
coughs	cough
cyclones	cyclone
daggers	dagger
dealerships	dealership
depriving	deprive
diagnosing	diagnose
discerning	discern
disposing	dispose
editorials	editorial
elects	elect
elevating	elevate
emigrants	emigrant
emits	emit
endorses	endorse
ethnicities	ethnicity
fangs	fang
fastened	fasten
flanking	flank
fresher	fresh
galvanized	galvanize
gladiators	gladiator
grasped	grasp
hatches	hatch
headlined	headline
hoodies	hoodie
huddled	huddle
hypothesized	hypothesize
imbalances	imbalance
infuriating	infuriate
insulating	insulate
integers	integer
kangaroos	kangaroo
kayaking	kayak
knobs	knob
legacies	legacy
leveraging	leverage
levies	levy
longs	long
miniatures	miniature
mints	mint
mus	mu
nailing	nail
napping	nap
negroes	negro
nonprofits	nonprofit
obeyed	obey
panned	pan
pasted	paste
perfumes	perfume
pied	pie
piloting	pilot
precedes	precede
redirected	redirect
reeds	reed
rejoined	rejoin
relayed	relay
rescinded	rescind
resuming	resume
retrieving	retrieve
roadways	roadway
salons	salon
saxons	saxon
scooters	scooter
shrugs	shrug
smacking	smack
smothered	smother
sneezing	sneeze
snooping	snoop
sopranos	soprano
spiced	spice
stoves	stove
submits	submit
threes	three
transmits	transmit
trekking	trek
unhinged	unhinge
vanishes	vanish
vas	va
warheads	warhead
waxing	wax
weirder	weird
withdraws	withdraw
abridged	abridge
absences	absence
angling	angle
antennae	antenna
ats	at
baiting	bait
barks	bark
bickering	bicker
braids	braid
butchered	butcher
bypassing	bypass
canoes	canoe
captivated	captivate
ccs	cc
censors	censor
chimneys	chimney
clements	clement
cohorts	cohort
crayons	crayon
cronies	crony
dialed	dial
digested	digest
diminishes	diminish
diplomas	diploma
dubs	dub
ducked	duck
engravings	engraving
epidemics	epidemic
equipping	equip
exhibitors	exhibitor
expiring	expire
fainting	faint
fertilizers	fertilizer
flapping	flap
formatted	format
gassed	gas
gentiles	gentile
glancing	glance
goblins	goblin
googling	google
groping	grope
healthiest	healthy
ills	ill
impressing	impress
inaccuracies	inaccuracy
lashed	lash
looping	loop
mirroring	mirror
mistaking	mistake
moderators	moderator
mustangs	mustang
nestled	nestle
neutrons	neutron
novelists	novelist
oars	oar
optimizing	optimize
overtaking	overtake
overtook	overtake
parrots	parrot
peddling	peddle
perforated	perforate
pooping	poop
principled	principle
rafters	rafter
rationing	ration
recreating	recreate
redeeming	redeem
refreshments	refreshment
remade	remake
repulsed	repulse
revolting	revolt
scarier	scary
scrubbed	scrub
sharpening	sharpen
shelved	shelve
shopped	shop
sketching	sketch
skimming	skim
skydiving	skydive
smitten	smite
sparing	spare
sprinting	sprint
subsided	subside
surging	surge
sweetened	sweeten
swims	swim
tamed	tame
tampons	tampon
taunting	taunt
tendons	tendon
terraced	terrace
testers	tester
thrived	thrive
tickled	tickle
toppings	topping
traffickers	trafficker
transcends	transcend
tropes	trope
tumbled	tumble
typos	typo
vices	vice
warts	wart
administers	administer
alienating	alienate
amending	amend
appointees	appointee
bagging	bag
banked	bank
barricades	barricade
beamed	beam
betrays	betray
blinked	blink
blondes	blonde
bluffs	bluff
booms	boom
bravest	brave
breasted	breast
budgeted	budget
capacitors	capacitor
capes	cape
carvings	carving
cellars	cellar
clippings	clipping
combing	comb
compensating	compensate
condominiums	condominium
congratulating	congratulate
contradicting	contradict
depots	depot
dials	dial
diamondbacks	diamondback
discounting	discount
disorganized	disorganize
disseminated	disseminate
dissolves	dissolve
doggie	doggy
domes	dome
dumplings	dumpling
earmarked	earmark
embedding	embed
encased	encase
felonies	felony
fluctuating	fluctuate
freckles	freckle
fundraisers	fundraiser
furs	fur
gulls	gull
harbors	harbor
havens	haven
henning	hen
heralded	herald
isolates	isolate
lags	lag
legalizing	legalize
lentils	lentil
magnifying	magnify
meteorites	meteorite
minced	mince
monographs	monograph
motoring	motor
moulded	mould
nurseries	nursery
olympians	olympian
orcs	orc
outbursts	outburst
outsourced	outsource
overalls	overall
overpowered	overpower
overworked	overwork
pitting	pit
plagues	plague
predicated	predicate
propagated	propagate
railings	railing
rebounding	rebound
renounced	renounce
reorganized	reorganize
replicas	replica
revisiting	revisit
revolved	revolve
rogues	rogue
routers	router
scholes	schole
scorpions	scorpion
segmented	segment
semesters	semester
signatories	signatory
snickers	snicker
southerners	southerner
sowing	sow
stances	stance
surged	surge
surpasses	surpass
swarming	swarm
testifies	testify
tiled	tile
tots	tot
tricking	trick
vegetarians	vegetarian
vials	vial
weavers	weaver
wrinkled	wrinkle
agonizing	agonize
alluding	allude
annotations	annotation
anticipates	anticipate
assassinations	assassination
assays	assay
batsmen	batsman
blackened	blacken
blacklisted	blacklist
bogged	bog
boobies	booby
brews	brew
caesars	caesar
caravans	caravan
cascades	cascade
centimetres	centimetre
chanted	chant
clubbing	club
colonized	colonize
competencies	competency
congresses	congress
conserving	conserve
covenants	covenant
culprits	culprit
dbs	db
decapitated	decapitate
dispensed	dispense
distanced	distance
dorms	dorm
dreading	dread
droughts	drought
eclipsed	eclipse
emblems	emblem
ensembles	ensemble
escorting	escort
examiners	examiner
figurines	figurine
fittest	fit
flickering	flicker
fliers	flier
fluttering	flutter
freer	free
graced	grace
grandmothers	grandmother
gurus	guru
hamburgers	hamburger
hangers	hanger
hardening	harden
hoses	hose
hostels	hostel
inquiring	inquire
interprets	interpret
jungles	jungle
lackluster	lacklustre
layering	layer
libertarians	libertarian
lobbies	lobby
looser	loose
luckiest	lucky
magnified	magnify
mares	mare
meditations	meditation
minted	mint
misspelled	misspell
motorsports	motorsport
obsessing	obsess
offends	offend
outfitted	outfit
panting	pant
pawns	pawn
peering	peer
perpetuating	perpetuate
pianos	piano
poached	poach
precipitated	precipitate
recessed	recess
redefined	redefine
relinquished	relinquish
renovating	renovate
riveting	rivet
scoops	scoop
scouring	scour
shredding	shred
shrouded	shroud
shuffled	shuffle
sips	sip
sliders	slider
soundtracks	soundtrack
soybeans	soybean
sportsmen	sportsman
squashed	squash
squatting	squat
stirs	stir
storied	story
streamers	streamer
swamped	swamp
terminates	terminate
thrashing	thrash
toying	toy
twitching	twitch
underdeveloped	underdevelop
vindicated	vindicate
whiskers	whisker
wholesalers	wholesaler
willows	willow
airwaves	airwave
alerting	alert
axles	axle
bailing	bail
baptists	baptist
benefitted	benefit
blistering	blister
borderlands	borderland
breaching	breach
calculators	calculator
calms	calm
caved	cave
caverns	cavern
clung	cling
coals	coal
commenters	commenter
confided	confide
constellations	constellation
converters	converter
convinces	convince
copyrights	copyright
crumbled	crumble
deafening	deafen
debuting	debut
dedicating	dedicate
dined	dine
disarmed	disarm
disordered	disorder
divorcing	divorce
drifts	drift
earphones	earphone
edmunds	edmund
electrified	electrify
electrolytes	electrolyte
endures	endure
equated	equate
expedited	expedite
factored	factor
fatigued	fatigue
feasts	feast
flopped	flop
foiled	foil
goodbyes	goodbye
gushing	gush
hoisted	hoist
homing	home
instructs	instruct
interlocking	interlock
kernels	kernel
lagged	lag
lobsters	lobster
loosened	loosen
manifesting	manifest
memos	memo
mitigated	mitigate
networked	network
nomads	nomad
obstructed	obstruct
ottomans	ottoman
outposts	outpost
overpowering	overpower
pairings	pairing
pegs	peg
penises	penis
perpetuated	perpetuate
phasing	phase
phrasing	phrase
pledging	pledge
pooled	pool
potions	potion
promulgated	promulgate
punctuated	punctuate
punctured	puncture
punks	punk
raspberries	raspberry
rediscovered	rediscover
repelled	repel
replicating	replicate
restructured	restructure
riddles	riddle
rousing	rouse
roving	rove
sexting	sext
shoplifting	shoplift
simulating	simulate
sls	sl
snatching	snatch
spasms	spasm
srs	sr
staked	stake
strikeouts	strikeout
structuring	structure
substitutions	substitution
suitors	suitor
supposing	suppose
tantrums	tantrum
tarts	tart
tremors	tremor
tyrants	tyrant
ugliest	ugly
venturing	venture
victors	victor
weighting	weight
werewolves	werewolf
withers	wither
yanked	yank
accelerates	accelerate
anchoring	anchor
anglers	angler
annihilated	annihilate
bales	bale
baring	bare
broadest	broad
buccaneers	buccaneer
californians	californian
caterpillars	caterpillar
censoring	censor
chimpanzees	chimpanzee
clarifies	clarify
cleansed	cleanse
clots	clot
codified	codify
colds	cold
confederates	confederate
constables	constable
coordinators	coordinator
dames	dame
demented	dement
discharging	discharge
discourses	discourse
displeased	displease
dived	dive
dogged	dog
dosing	dose
dynasties	dynasty
elated	elate
embroiled	embroil
emmys	emmy
entitlements	entitlement
evading	evade
evaluates	evaluate
expended	expend
extremities	extremity
fables	fable
farting	fart
felons	felon
firmer	firm
fumbled	fumble
gels	gel
gifting	gift
growling	growl
headsets	headset
impersonating	impersonate
indulged	indulge
infuriated	infuriate
inquired	inquire
instilled	instill
intents	intent
intoxicating	intoxicate
jaded	jade
jihadists	jihadist
labored	labor
landslides	landslide
liquidated	liquidate
lunatics	lunatic
maxima	maximum
mobilizing	mobilize
modernized	modernize
mortified	mortify
natures	nature
negotiators	negotiator
niggers	nigger
odors	odor
openers	opener
orchestras	orchestra
ores	ore
overjoyed	overjoy
pagans	pagan
pallets	pallet
pandering	pander
plums	plum
pooling	pool
popularized	popularize
projectors	projector
proprietors	proprietor
quantified	quantify
receding	recede
recounting	recount
rehabilitated	rehabilitate
repayments	repayment
republished	republish
salesmen	salesman
savers	saver
scammed	scam
scathing	scath
seagulls	seagull
shanks	shank
shimmering	shimmer
shoals	shoal
signifying	signify
snorting	snort
snows	snow
socializing	socialize
soiled	soil
speculations	speculation
sprinkling	sprinkle
stifling	stifle
strayed	stray
stunted	stunt
supremacists	supremacist
tenths	tenth
thrillers	thriller
totalled	total
truer	true
unlocks	unlock
uprisings	uprising
vandals	vandal
vented	vent
violets	violet
warehousing	warehouse
warlords	warlord
weathering	weather
wielded	wield
zionists	zionist
abandons	abandon
admires	admire
affirms	affirm
afghans	afghan
allocating	allocate
aristocrats	aristocrat
auditioning	audition
avatars	avatar
avenged	avenge
bikinis	bikini
blurring	blur
bobcats	bobcat
breakfasts	breakfast
bunches	bunch
cautions	caution
cellphones	cellphone
charted	chart
choirs	choir
coincidences	coincidence
commences	commence
complies	comply
confrontations	confrontation
contented	content
coverings	covering
cuddles	cuddle
deportations	deportation
devoting	devote
dilated	dilate
disintegrated	disintegrate
dismayed	dismay
disregarding	disregard
emojis	emoji
factoring	factor
falklands	falkland
fetching	fetch
firsts	first
foreseen	foresee
forgives	forgive
forked	fork
formulating	formulate
fracturing	fracture
hamlets	hamlet
hedging	hedge
helens	helen
heroines	heroine
incursions	incursion
infecting	infect
intermediaries	intermediary
invertebrates	invertebrate
jockeys	jockey
kites	kite
limping	limp
lineups	lineup
lloyds	lloyd
majoring	major
majorities	majority
mesmerizing	mesmerize
misrepresented	misrepresent
modulated	modulate
necessitated	necessitate
occupiers	occupier
orientated	orientate
pampered	pamper
peeking	peek
piped	pipe
prawns	prawn
precedents	precedent
prerequisites	prerequisite
pretzels	pretzel
proclaims	proclaim
profiting	profit
prospecting	prospect
quirks	quirk
reaping	reap
refrigerators	refrigerator
rhyming	rhyme
scolded	scold
serials	serial
shipyards	shipyard
shovels	shovel
sketched	sketch
soldering	solder
subgroups	subgroup
suspecting	suspect
swingers	swinger
swiping	swipe
takeaways	takeaway
taunts	taunt
thundering	thunder
tinkering	tinker
troubleshooting	troubleshoot
truffles	truffle
underdogs	underdog
understandings	understanding
undressed	undress
unknowns	unknown
validating	validate
vertebrates	vertebrate
vertices	vertex
voltages	voltage
wardens	warden
weaves	weave
weirdos	weirdo
wineries	winery
aborigines	aborigine
amalgamated	amalgamate
annulled	annul
anthems	anthem
antioxidants	antioxidant
antlers	antler
armaments	armament
battleships	battleship
befriended	befriend
beheading	behead
blaring	blare
bolder	bold
bookies	bookie
breads	bread
bumpers	bumper
burglars	burglar
bypassed	bypass
campaigners	campaigner
canisters	canister
captioned	caption
captors	captor
centering	center
classifying	classify
colliding	collide
consonants	consonant
constituting	constitute
couches	couch
critters	critter
debtors	debtor
debunked	debunk
deletes	delete
denser	dense
dependents	dependent
deriving	derive
detractors	detractor
differentiating	differentiate
disconcerting	disconcert
dressings	dressing
elapsed	elapse
empowers	empower
erupts	erupt
exacting	exact
filaments	filament
finishers	finisher
foaming	foam
freebies	freebie
fuming	fume
galen	gale
gleaned	glean
grasslands	grassland
halved	halve
haves	have
herding	herd
hiked	hike
hoes	hoe
hotspots	hotspot
importers	importer
installs	install
lessened	lessen
lightest	light
lingers	linger
lipids	lipid
looped	loop
loosening	loosen
mascots	mascot
mediators	mediator
mongering	monger
muttering	mutter
naturalized	naturalize
newbies	newbie
overlaps	overlap
paging	page
palettes	palette
parliamentarians	parliamentarian
payed	pay
pent	pen
phishing	phish
plundered	plunder
polarizing	polarize
quakers	quaker
quarantined	quarantine
raking	rake
realtors	realtor
rebelled	rebel
redefining	redefine
reelected	reelect
resonated	resonate
retelling	retell
reuniting	reunite
sabotaging	sabotage
sadder	sad
salaried	salary
saws	saw
scallops	scallop
searing	sear
secreted	secrete
sexier	sexy
shivers	shiver
smarts	smart
sown	sow
sprinkles	sprinkle
stashed	stash
stints	stint
strongholds	stronghold
stumped	stump
tampered	tamper
tarnished	tarnish
termites	termite
tooling	tool
truckers	trucker
tulips	tulip
undertakes	undertake
unforgiving	unforgive
watchmen	watchman
affixed	affix
airbags	airbag
amphibians	amphibian
astounded	astound
birthing	birth
bobs	bob
boycotted	boycott
bureaus	bureau
burritos	burrito
carcasses	carcass
channeled	channel
cleanest	clean
cluttered	clutter
combos	combo
complicating	complicate
concussions	concussion
coughed	cough
cultivars	cultivar
deduced	deduce
disapproved	disapprove
donates	donate
doorways	doorway
doped	dope
encompassed	encompass
enlisting	enlist
envoys	envoy
eraser	erase
evidences	evidence
exasperated	exasperate
faceted	facet
faggots	faggot
fags	fag
federated	federate
fiddling	fiddle
fixated	fixate
friars	friar
gasped	gasp
goings	going
headings	heading
hooligans	hooligan
idealized	idealize
immortals	immortal
impassioned	impassion
kindest	kind
lapsed	lapse
latitudes	latitude
lures	lure
malfunctioning	malfunction
mangled	mangle
marxists	marxist
messaged	message
mugged	mug
newsletters	newsletter
novices	novice
nursed	nurse
oxides	oxide
perceives	perceive
picturing	picture
poachers	poacher
potted	pot
premeditated	premeditate
purging	purge
rearranged	rearrange
reassigned	reassign
remakes	remake
rescuers	rescuer
resins	resin
retweeted	retweet
reunions	reunion
saddled	saddle
scrutinized	scrutinize
scumbags	scumbag
seamen	seaman
silos	silo
skimmed	skim
skirmishes	skirmish
smurfs	smurf
sociologists	sociologist
sparrows	sparrow
speculators	speculator
springing	springe
stereotyping	stereotype
stimulants	stimulant
struts	strut
tabled	table
teeming	teem
terrors	terror
tethered	tether
thefts	theft
thrusting	thrust
torrents	torrent
totes	tote
underwhelming	underwhelm
whims	whim
yous	you
amputated	amputate
analogies	analogy
assesses	assess
attributing	attribute
authenticated	authenticate
bragged	brag
bribing	bribe
bristles	bristle
busier	busy
captained	captain
centralised	centralise
chopsticks	chopstick
clumps	clump
cocked	cock
combed	comb
commas	comma
conversing	converse
copped	cop
cornea	corneum
crumpled	crumple
cuter	cute
demeaning	demean
denials	denial
dictating	dictate
diggers	digger
dimes	dime
disfigured	disfigure
disguises	disguise
disrespected	disrespect
droves	drove
drunks	drunk
dyeing	dye
eases	ease
embossed	emboss
encircled	encircle
entailed	entail
excels	excel
expats	expat
fireplaces	fireplace
fishers	fisher
floored	floor
flustered	fluster
follicles	follicle
formalities	formality
gagging	gag
galloping	gallop
glows	glow
gradients	gradient
grads	grad
grits	grit
groans	groan
grueling	gruelling
harbours	harbour
healers	healer
hindering	hinder
hos	ho
hushed	hush
identifiers	identifier
immigrated	immigrate
irradiated	irradiate
isaacs	isaac
jerked	jerk
jpg	jpeg
jugs	jug
lifes	life
medicated	medicate
mistresses	mistress
mms	mm
multitasking	multitask
nachos	nacho
overcomes	overcome
overstated	overstate
paddling	paddle
panelists	panelist
parodies	parody
paychecks	paycheck
pimples	pimple
pings	ping
pips	pip
plowed	plow
porters	porter
potholes	pothole
proudest	proud
psychopaths	psychopath
rebranded	rebrand
refueling	refuel
reprimanded	reprimand
reproductions	reproduction
reserving	reserve
roadblocks	roadblock
rusted	rust
sacraments	sacrament
sagging	sag
sardines	sardine
schoolchildren	schoolchild
selectors	selector
semiconductors	semiconductor
sensitivities	sensitivity
sleeved	sleeve
sniping	snipe
solicited	solicit
straightening	straighten
subsets	subset
sufferings	suffering
swarms	swarm
teaspoons	teaspoon
tickling	tickle
tortillas	tortilla
tosses	toss
traversed	traverse
violins	violin
wedded	wed
whiter	white
wrappers	wrapper
yarns	yarn
adores	adore
antigens	antigen
attentions	attention
avocados	avocado
battlefields	battlefield
bolsheviks	bolshevik
buffering	buffer
busters	buster
butters	butter
canvases	canvas
casings	casing
catchers	catcher
cathedrals	cathedral
chandeliers	chandelier
chokes	choke
christened	christen
coffers	coffer
compels	compel
compilations	compilation
coolers	cooler
corroborated	corroborate
denominated	denominate
dribbling	dribble
dwindled	dwindle
enveloped	envelope
erasure	erasures
exemplifies	exemplifie
exonerated	exonerate
falsified	falsify
fertilized	fertilize
firefighting	firefight
forefathers	forefather
fulfills	fulfill
gables	gable
gasps	gasp
grunts	grunt
hallmarks	hallmark
hierarchies	hierarchy
hooves	hoof
imitated	imitate
impregnated	impregnate
injures	injure
intricacies	intricacy
ironed	iron
laments	lament
lapses	lapse
levelling	level
linemen	lineman
lipsticks	lipstick
liquefied	liquefy
loaves	loave
maidens	maiden
martyred	martyr
mated	mate
matures	mature
mechanized	mechanize
mending	mend
musings	musing
narrating	narrate
notches	notch
orientations	orientation
overtones	overtone
pained	pain
paradigms	paradigm
pardons	pardon
patching	patch
peeping	peep
plumes	plume
pokes	poke
procuring	procure
qualms	qualm
raccoons	raccoon
reappeared	reappear
recaptured	recapture
rectified	rectify
relaxes	relax
restarting	restart
ribbed	rib
robs	rob
sabotaged	sabotage
sages	sage
setups	setup
shuttles	shuttle
slimming	slim
snagged	snag
spangled	spangle
splashes	splash
stifled	stifle
superimposed	superimpose
surfacing	surface
taming	tame
taxa	taxon
techs	tech
toppled	topple
trajectories	trajectory
transgressions	transgression
truest	true
underscores	underscore
vying	vie
warranties	warranty
washers	washer
wheelchairs	wheelchair
withered	wither
workmen	workman
yds	yd
angers	anger
anniversaries	anniversary
applauding	applaud
auditioned	audition
automata	automaton
balding	bald
bannister	banister
bellies	belly
bleachers	bleacher
blunders	blunder
brats	brat
breezes	breeze
cameos	cameo
characterizes	characterize
clamping	clamp
clashing	clash
clenched	clench
clogging	clog
commemorated	commemorate
converged	converge
crackling	crackle
crawls	crawl
crouching	crouch
cysts	cyst
damping	damp
desiring	desire
determinants	determinant
digitized	digitize
dispensaries	dispensary
disrespecting	disrespect
dissected	dissect
diversions	diversion
drapes	drape
elicited	elicit
eluded	elude
encapsulated	encapsulate
epics	epic
evaded	evade
eyewitnesses	eyewitness
flicked	flick
flocked	flock
fusing	fuse
giraffes	giraffe
grained	grain
grills	grill
grudges	grudge
hamptons	hampton
handcrafted	handcraft
harnessed	harness
harvests	harvest
imbued	imbue
invades	invade
issuers	issuer
leopards	leopard
lowlands	lowland
magi	magus
melons	melon
merges	merge
meteors	meteor
misinformed	misinform
morphed	morph
mummies	mummy
musketeers	musketeer
oaths	oath
offsets	offset
oligarchs	oligarch
outed	out
outstretched	outstretch
overbearing	overbear
patting	pat
perplexing	perplex
personified	personify
plummeted	plummet
preexisting	preexist
prepped	prep
prohibitions	prohibition
psyched	psyche
puddles	puddle
pulsating	pulsate
ranches	ranch
reclining	recline
reloaded	reload
ringed	ring
roaches	roach
roamed	roam
roars	roar
rotors	rotor
ruffled	ruffle
salinas	salina
shakers	shaker
sharpest	sharp
simulators	simulator
sixes	six
sodas	soda
spilt	spill
spirals	spiral
standardised	standardise
steeper	steep
stomped	stomp
stooges	stooge
summing	sum
swiped	swipe
synagogues	synagogue
telephoned	telephone
theorems	theorem
threading	thread
traversing	traverse
triumphed	triumph
underrepresented	underrepresent
undervalued	undervalue
vaginas	vagina
vanquished	vanquish
velocities	velocity
wetter	wet
yellows	yellow
zooming	zoom
accented	accent
aggrieved	aggrieve
allusions	allusion
androids	android
arranges	arrange
autographed	autograph
bakeries	bakery
basements	basement
bereaved	bereave
bindings	binding
blackouts	blackout
blossomed	blossom
blossoming	blossom
blowers	blower
bolstered	bolster
borrows	borrow
chaplains	chaplain
chimps	chimp
coconuts	coconut
coiled	coil
compatriots	compatriot
converging	converge
corning	corn
cpus	cpu
cramping	cramp
craved	crave
craves	crave
cupboards	cupboard
daisies	daisy
decals	decal
declassified	declassify
deflated	deflate
denoting	denote
deterred	deter
devouring	devour
disagreeing	disagree
disenfranchised	disenfranchise
disoriented	disorient
displacing	displace
empties	empty
equating	equate
espoused	espouse
fathered	father
follies	folly
fouling	foul
frills	frill
gagged	gag
gms	gm
grinds	grind
groaning	groan
inbred	inbreed
inclusions	inclusion
infatuated	infatuate
inhabiting	inhabit
leanings	leaning
ligands	ligand
lingered	linger
linings	lining
locales	locale
materialized	materialize
meandering	meander
metering	meter
misgivings	misgiving
modalities	modality
motels	motel
mts	mt
numbing	numb
onlookers	onlooker
oscillations	oscillation
outweighed	outweigh
overhauled	overhaul
overpaid	overpay
oxen	ox
patrolled	patrol
patties	patty
pliers	plier
pouches	pouch
pronouncing	pronounce
propagating	propagate
prospered	prosper
puffed	puff
reconsidered	reconsider
renaming	rename
reverting	revert
sakes	sake
shrank	shrink
slimmer	slim
sobering	sober
spanked	spank
sparkles	sparkle
staking	stake
steers	steer
subcontractors	subcontractor
syncing	sync
testimonials	testimonial
toads	toad
trashing	trash
treading	tread
trotting	trot
tunneling	tunnel
ventilated	ventilate
wedged	wedge
wetting	wet
whitening	whiten
wilds	wild
wolverines	wolverine
worshiped	worship
adhesives	adhesive
alludes	allude
altars	altar
alternates	alternate
apprenticeships	apprenticeship
assailants	assailant
atmospheres	atmosphere
authorizes	authorize
bottomed	bottom
boutiques	boutique
caches	cache
cartons	carton
cassettes	cassette
checkered	checker
cheekbones	cheekbone
circumcised	circumcise
clamped	clamp
claps	clap
concedes	concede
conceptions	conception
corrupting	corrupt
countermeasures	countermeasure
debugging	debug
disputing	dispute
distorting	distort
disused	disuse
downsizing	downsize
dykes	dyke
esters	ester
evacuating	evacuate
fabled	fable
feuds	feud
fillings	filling
financiers	financier
flicking	flick
flourishes	flourish
fumbles	fumble
giggled	giggle
gimmicks	gimmick
grazed	graze
grumbling	grumble
guitarists	guitarist
hales	hale
heeled	heel
helms	helm
hovered	hover
hulls	hull
huns	hun
imprinted	imprint
industrialists	industrialist
intersecting	intersect
intrigues	intrigue
invalidated	invalidate
jacking	jack
justifications	justification
keyed	key
lamenting	lament
lefties	leftie
lengthened	lengthen
lire	lira
machinations	machination
marys	mary
masts	mast
milled	mill
moderating	moderate
molesting	molest
moored	moor
objecting	object
oozing	ooze
ordinated	ordinate
outscored	outscore
overheated	overheat
paddles	paddle
panes	pane
phantoms	phantom
playwrights	playwright
poppies	poppy
preaches	preach
primes	prime
priming	prime
profited	profit
ramping	ramp
relieves	relieve
reprisals	reprisal
reruns	rerun
retards	retard
reworking	rework
runes	rune
saddles	saddle
sams	sam
sanctuaries	sanctuary
scribes	scribe
sewed	sew
sheltering	shelter
showings	showing
smalls	small
smelting	smelt
spouting	spout
squandered	squander
sterilized	sterilize
strapping	strap
stuns	stun
surnames	surname
sustains	sustain
sympathizers	sympathizer
synced	sync
tabloids	tabloid
thickened	thicken
torched	torch
trappings	trapping
undertakings	undertaking
undulating	undulate
unfettered	unfetter
unpacking	unpack
usernames	username
verdicts	verdict
veterinarians	veterinarian
ys	y
accumulates	accumulate
adapts	adapt
aligns	align
alligators	alligator
amigos	amigo
animators	animator
attuned	attune
baffles	baffle
basking	bask
befitting	befit
benched	bench
boned	bone
booting	boot
boycotts	boycott
brimming	brim
canoeing	canoe
canvassing	canvass
carols	carol
chariots	chariot
chs	ch
cleats	cleat
clings	cling
courted	court
cranked	crank
crested	crest
daddies	daddy
defaulted	default
depositing	deposit
designating	designate
devs	dev
disjointed	disjoint
disparaging	disparage
dissenters	dissenter
drummers	drummer
embers	ember
enforces	enforce
federations	federation
flees	flee
gens	gen
greased	grease
harnessing	harness
hissing	hiss
hitched	hitch
incurring	incur
infidels	infidel
inroads	inroad
jabs	jab
landscaped	landscape
localised	localise
lounging	lounge
manoeuvres	manoeuvre
maroons	maroon
messrs	mr
milliseconds	millisecond
minimizes	minimize
mittens	mitten
mourned	mourn
mourners	mourner
munching	munch
nears	near
newlyweds	newlywed
omitting	omit
opinionated	opinionate
outfitters	outfitter
overthrew	overthrow
oxidized	oxidize
paralysed	paralyse
parched	parch
pecking	peck
plowing	plow
pooped	poop
pps	pp
prides	pride
prioritized	prioritize
prioritizing	prioritize
probed	probe
rafts	raft
rebranding	rebrand
reckons	reckon
referendums	referendum
reintroduced	reintroduce
resurfaced	resurface
sandwiched	sandwich
scopes	scope
sculpting	sculpt
seared	sear
sergeants	sergeant
shaven	shave
signalled	signall
skits	skit
skyrocketed	skyrocket
slanted	slant
slits	slit
snowed	snow
sonnets	sonnet
statesmen	statesman
strode	stride
subjecting	subject
subordinated	subordinate
subpoenas	subpoena
subways	subway
syringes	syringe
tallied	tally
thrusters	thruster
timings	timing
trolled	troll
tucking	tuck
tugging	tug
underpinning	underpin
unexplored	unexplore
unsold	unsell
vomited	vomit
windmills	windmill
wreaths	wreath
acronyms	acronym
appetites	appetite
armpits	armpit
audiobooks	audiobook
bartenders	bartender
battering	batter
blackmailed	blackmail
blazed	blaze
blowjobs	blowjob
boarders	boarder
bouquets	bouquet
braver	brave
caricatures	caricature
ceasing	cease
championing	champion
chapels	chapel
chirping	chirp
cloaked	cloak
clocking	clock
clotting	clot
commemorates	commemorate
conjuring	conjure
consigned	consign
constructors	constructor
coups	coup
culling	cull
cycled	cycle
dashes	dash
daydreaming	daydream
decomposed	decompose
devising	devise
diabetics	diabetic
diodes	diode
discarding	discard
discloses	disclose
disrupts	disrupt
duels	duel
dwells	dwell
earls	earl
effecting	effect
electrifying	electrify
englishmen	englishman
equipments	equipment
fiercest	fierce
flailing	flail
freeways	freeway
gentler	gentle
glistening	glisten
grinned	grin
hams	ham
hamsters	hamster
heaped	heap
honouring	honour
hustling	hustle
impeded	impede
impresses	impress
infiltrating	infiltrate
intensifying	intensify
interrogating	interrogate
interviewers	interviewer
joes	joe
jokers	joker
jordans	jordan
knotted	knot
lain	lie
leeches	leech
luring	lure
macrophages	macrophage
macros	macro
magpies	magpie
marketplaces	marketplace
marvels	marvel
masquerading	masquerade
meanest	mean
mermaids	mermaid
mingled	mingle
mosaics	mosaic
muddled	muddle
mumbling	mumble
necked	neck
offsetting	offset
paler	pale
predates	predate
propellers	propeller
prying	pry
pulsing	pulse
racketeering	racketeer
radars	radar
rainier	rainy
regionals	regional
regs	reg
reliefs	relief
remixed	remix
removals	removal
reshaping	reshape
scorned	scorn
seething	seethe
sequenced	sequence
shearing	shear
shelving	shelve
sifting	sift
sighing	sigh
soars	soar
socialized	socialize
spiraling	spiral
sponsorships	sponsorship
storeys	storey
suffocated	suffocate
summarizing	summarize
syndromes	syndrome
synergies	synergy
tacked	tack
trinkets	trinket
triples	triple
turbocharged	turbocharge
underestimating	underestimate
unraveling	unravel
vandalized	vandalize
vigilantes	vigilante
vistas	vista
wagging	wag
waned	wane
wheezing	wheeze
whistleblowers	whistleblower
winded	wind
wisest	wise
accusers	accuser
adapters	adapter
adheres	adhere
ales	ale
barristers	barrister
booksellers	bookseller
brightened	brighten
buckled	buckle
ceres	cere
characterizing	characterize
chronicled	chronicle
clawed	claw
comebacks	comeback
cometh	come
complicates	complicate
complimenting	compliment
conglomerates	conglomerate
conjured	conjure
darlings	darling
disheartening	dishearten
eavesdropping	eavesdrop
eclipses	eclipse
edibles	edible
enclaves	enclave
faves	fave
felled	fell
finalised	finalise
fireflies	firefly
gutters	gutter
halts	halt
hav	have
heathens	heathen
henchmen	henchman
infractions	infraction
internalized	internalize
kitties	kitty
legumes	legume
lengthening	lengthen
lodgings	lodging
lounges	lounge
mentored	mentor
merced	merce
mics	mic
mingling	mingle
mishaps	mishap
monologues	monologue
moulding	mould
neutralized	neutralize
outweighs	outweigh
pacs	pac
parachutes	parachute
pars	par
parsing	parse
peripherals	peripheral
pharisees	pharisee
pimps	pimp
pinkie	pinky
plucking	pluck
preconceived	preconceive
predictors	predictor
proms	prom
raked	rake
reagents	reagent
rebounded	rebound
redone	redo
revolutionized	revolutionize
scrapes	scrape
seizes	seize
shrieking	shriek
silences	silence
silhouettes	silhouette
simmering	simmer
sitcoms	sitcom
smears	smear
smoothed	smoothe
sofas	sofa
splicing	splice
spreadsheets	spreadsheet
squatters	squatter
steamers	steamer
stipulates	stipulate
strangling	strangle
streamlining	streamline
stroked	stroke
subunits	subunit
suspends	suspend
tapas	tapa
thatched	thatch
tickles	tickle
tiling	tile
townspeople	townsperson
treads	tread
unbridled	unbridle
urs	u
vacationing	vacation
vassals	vassal
witted	wit
aas	aa
accomplishes	accomplish
adopters	adopter
articulating	articulate
axioms	axiom
babbling	babble
bangers	banger
bargained	bargain
bobbing	bob
bogs	bog
buckles	buckle
buttered	butter
chasers	chaser
coinciding	coincide
commuted	commute
conveniences	convenience
culled	cull
dens	den
domed	dome
drips	drip
dunning	dun
eaves	eave
emboldened	embolden
erecting	erect
eroding	erode
evoking	evoke
fabricating	fabricate
feasting	feast
fetuses	fetus
flocking	flock
flogging	flog
fundamentalists	fundamentalist
glories	glory
greys	grey
hazing	haze
humping	hump
kiddos	kiddo
laurels	laurel
leavers	leaver
lighters	lighter
limes	lime
linguists	linguist
linkages	linkage
lumped	lump
maggots	maggot
motorways	motorway
oppressors	oppressor
overthinking	overthink
overtures	overture
paraded	parade
passers	passer
pirated	pirate
plantings	planting
pondered	ponder
potters	potter
prairies	prairie
puking	puke
radiated	radiate
razors	razor
refrained	refrain
revs	rev
scavenging	scavenge
scoured	scour
simplifies	simplify
sinuses	sinus
slung	sling
sniffed	sniff
snorted	snort
sprinklers	sprinkler
strolled	stroll
sutures	suture
sweeteners	sweetener
symbolized	symbolize
thrashed	thrash
thyself	fthyself
tugs	tug
uglier	ugly
unbound	unbind
uncalled	uncall
underpaid	underpay
uninvited	uninvite
unleashing	unleash
unnerving	unnerve
unrecognized	unrecognize
upping	up
utilising	utilise
veils	veil
worships	worship
zoomed	zoom
abstracted	abstract
aliases	alias
apologists	apologist
appended	append
berths	berth
bewildering	bewilder
billiards	billiard
binders	binder
biofuels	biofuel
biomarkers	biomarker
booklets	booklet
bores	bore
cadres	cadre
carnivores	carnivore
cascading	cascade
comers	comer
conned	conn
contingencies	contingency
counsellors	counsellor
crediting	credit
crossovers	crossover
cutbacks	cutback
dailies	daily
datasets	dataset
decayed	decay
decommissioning	decommission
disarming	disarm
disowned	disown
dormitories	dormitory
dreads	dread
drowns	drown
druids	druid
dueling	duel
eared	ear
electricians	electrician
electrocuted	electrocute
els	el
enclosing	enclose
exerting	exert
expatriates	expatriate
favouring	favour
flirted	flirt
flopping	flop
foodstuffs	foodstuff
foretold	foretell
formalized	formalize
fortresses	fortress
fragrances	fragrance
fraternities	fraternity
frigates	frigate
goalkeepers	goalkeeper
grafts	graft
greenhouses	greenhouse
harboring	harbor
hauls	haul
heaving	heave
hinders	hinder
hinds	hind
honking	honk
hookups	hookup
hooters	hooter
impounded	impound
infrastructures	infrastructure
intakes	intake
interned	interne
irrigated	irrigate
irritates	irritate
lapping	lap
looters	looter
lorries	lorry
lubricants	lubricant
machined	machine
mads	mad
mannequins	mannequin
methinks	methink
mooring	moor
neared	near
nines	nine
obsessions	obsession
overturning	overturn
perverts	pervert
picnics	picnic
pigmented	pigment
postponing	postpone
privates	private
pulsed	pulse
punters	punter
purporting	purport
radiators	radiator
raffles	raffle
refereeing	referee
reinventing	reinvent
reliving	relive
reminiscing	reminisce
renegades	renegade
repositories	repository
repurposed	repurpose
resistors	resistor
riled	rile
rougher	rough
scolding	scold
scones	scone
sculptors	sculptor
sentinels	sentinel
shadowed	shadow
shadowing	shadow
shouldered	shoulder
snacking	snack
sneaked	sneak
spas	spa
spokes	spoke
sprouting	sprout
sputtering	sputter
strays	stray
stressors	stressor
strictest	strict
substantiated	substantiate
superstitions	superstition
surrogates	surrogate
teases	tease
teething	teethe
tortures	torture
uncovers	uncover
underwriters	underwriter
uprooted	uproot
walkways	walkway
weathers	weather
weeding	weed
widens	widen
zebras	zebra
arousing	arouse
aspired	aspire
belting	belt
cannibals	cannibal
capers	caper
cedars	cedar
certifying	certify
chattering	chatter
chucked	chuck
chuckling	chuckle
compressors	compressor
confounding	confound
couriers	courier
cranking	crank
cranks	crank
dents	dent
deviated	deviate
discourages	discourage
disseminating	disseminate
disturbs	disturb
dominoes	domino
exclusions	exclusion
flagging	flag
foreclosed	foreclose
furlongs	furlong
gateways	gateway
gazed	gaze
grays	gray
incarnations	incarnation
incited	incite
incubated	incubate
inflows	inflow
inhibitions	inhibition
insecticides	insecticide
introverted	introvert
invokes	invoke
jitters	jitter
kickers	kicker
kiosks	kiosk
knighted	knight
licensees	licensee
loafers	loafer
lymphocytes	lymphocyte
lynched	lynch
manipulations	manipulation
massed	mass
mauled	maul
meeks	meek
minis	mini
mists	mist
moulds	mould
murmurs	murmur
muttered	mutter
neutrals	neutral
notts	nott
nourished	nourish
nourishing	nourish
obituaries	obituary
outcasts	outcast
outlay	outlie
outliers	outlier
overblown	overblow
partitioned	partition
peacekeepers	peacekeeper
penetrates	penetrate
pickers	picker
platelets	platelet
precepts	precept
privatized	privatize
puffing	puff
punishes	punish
rafting	raft
raves	rave
rebellions	rebellion
roleplaying	roleplay
roped	rope
rubies	ruby
salespeople	salesperson
salutes	salute
sedans	sedan
sprites	sprite
stubs	stub
subtitled	subtitle
subtracting	subtract
summarised	summarise
supplementing	supplement
swarmed	swarm
synapses	synapse
tailors	tailor
tattered	tatter
thickening	thicken
thunderbirds	thunderbird
toed	toe
tribesmen	tribesman
tribulations	tribulation
uncomplicated	uncomplicate
unconnected	unconnect
westerns	western
wields	wield
withstood	withstand
yolks	yolk
abetting	abet
accommodates	accommodate
addicting	addict
adoptions	adoption
adoring	adore
alleles	allele
amphetamines	amphetamine
archetypes	archetype
axed	axe
barbers	barber
bounties	bounty
carbonated	carbonate
catacombs	catacomb
caving	cave
celts	celt
cheetahs	cheetah
chugging	chug
classifies	classify
collared	collar
columnists	columnist
communes	commune
conforms	conform
confounded	confound
cookbooks	cookbook
curbing	curb
dales	dale
dds	dd
deacons	deacon
depressions	depression
disappearances	disappearance
disengaged	disengage
dispatching	dispatch
doodles	doodle
droppings	dropping
duos	duo
emphasises	emphasise
equalled	equal
flutes	flute
frenzied	frenzy
fumbling	fumble
grander	grand
grandfathers	grandfather
grins	grin
grocers	grocer
hijackers	hijacker
hollowed	hollow
hyenas	hyena
idling	idle
inheriting	inherit
insuring	insure
jags	jag
lifeboats	lifeboat
linens	linen
lurks	lurk
mannerisms	mannerism
mediating	mediate
microwaves	microwave
narrates	narrate
outgrown	outgrow
outpouring	outpour
overdone	overdo
perceiving	perceive
pers	per
petitioners	petitioner
pheromones	pheromone
politicized	politicize
preservatives	preservative
reconciling	reconcile
reconstituted	reconstitute
reincarnated	reincarnate
resignations	resignation
retainers	retainer
revolts	revolt
rotted	rot
scooping	scoop
scrolled	scroll
serpents	serpent
serrated	serrate
severing	sever
statuses	status
steels	steel
stiffer	stiff
sunflowers	sunflower
supercharged	supercharge
sweethearts	sweetheart
theorized	theorize
thrusts	thrust
treatises	treatise
upholds	uphold
wicks	wick
winking	wink
withering	wither
workstations	workstation
acorns	acorn
amassing	amass
aren	be
aspires	aspire
attains	attain
barbs	barb
blogged	blog
blushes	blush
boas	boa
bookmarks	bookmark
brahmin	brahman
brookes	brooke
bungalows	bungalow
buttoned	button
carolinas	carolina
castings	casting
caucuses	caucus
cementing	cement
chestnuts	chestnut
cliches	cliche
compilers	compiler
confers	confer
cramming	cram
cruised	cruise
cuffed	cuff
decommissioned	decommission
demolishing	demolish
dentures	denture
differentiates	differentiate
distracts	distract
downsides	downside
encroaching	encroach
erred	err
excepting	except
exclaims	exclaim
exclusives	exclusive
excommunicated	excommunicate
exterminated	exterminate
flowered	flower
focussing	focus
foils	foil
freelancers	freelancer
fretting	fret
gales	gale
gatherers	gatherer
grandsons	grandson
harmonics	harmonic
homies	homie
imams	imam
inherits	inherit
intercepts	intercept
interwoven	interweave
labors	labor
latched	latch
lineages	lineage
locusts	locust
londoners	londoner
maimed	maim
mandating	mandate
memorizing	memorize
mired	mire
modifiers	modifier
mystics	mystic
naturalists	naturalist
nils	nil
nymphs	nymph
orgies	orgie
pajama	pajamas
panics	panic
paratroopers	paratrooper
partitioning	partition
pavements	pavement
payloads	payload
phoning	phone
predisposed	predispose
processions	procession
pronouncements	pronouncement
provokes	provoke
purports	purport
rebuked	rebuke
reconstructions	reconstruction
redesignated	redesignate
reeks	reek
refuges	refuge
relaying	relay
remarking	remark
resetting	reset
rewatching	rewatch
scamming	scam
seducing	seduce
shined	shine
smearing	smear
speckled	speckle
subsidised	subsidise
subtypes	subtype
supplanted	supplant
sweatshirts	sweatshirt
taboos	taboo
telecoms	telecom
tempers	temper
terrorized	terrorize
terrorizing	terrorize
tibetans	tibetan
toenails	toenail
touting	tout
tradesmen	tradesman
transporters	transporter
trs	tr
trumped	trump
underserved	underserve
undertones	undertone
vexed	vex
vibrates	vibrate
vignettes	vignette
vocalists	vocalist
voids	void
waitresses	waitress
warping	warp
whacked	whack
whitewashed	whitewash
widths	width
wipers	wiper
alcohols	alcohol
amped	amp
appendages	appendage
appraisals	appraisal
banknotes	banknote
belted	belt
bereft	bereave
blackberries	blackberry
booties	bootie
bottlenecks	bottleneck
brokered	broker
bucking	buck
bumbling	bumble
canines	canine
capitalizing	capitalize
carats	carat
caretakers	caretaker
changers	changer
clamoring	clamor
cobbled	cobble
computations	computation
consuls	consul
craps	crap
crazies	crazy
creaking	creak
creatives	creative
crumbles	crumble
dazzled	dazzle
decomposing	decompose
deploys	deploy
diameters	diameter
donned	don
dosages	dosage
dunks	dunk
elaborating	elaborate
emeralds	emerald
enumerated	enumerate
extradited	extradite
faltered	falter
foreclosures	foreclosure
frayed	fray
glorifying	glorify
goodie	goody
gorges	gorge
greaves	greave
grinders	grinder
grooms	groom
heralds	herald
hots	hot
hunched	hunch
hypnotized	hypnotize
igniting	ignite
illuminates	illuminate
impeding	impede
incensed	incense
inferences	inference
ingesting	ingest
intercepting	intercept
knelt	kneel
landfills	landfill
loomed	loom
maddening	madden
massaging	massage
messier	messy
miscarriages	miscarriage
misdeeds	misdeed
moaned	moan
muhammed	muhammad
nullified	nullify
occured	occur
orbs	orb
organics	organic
outdone	outdo
outplayed	outplay
palisades	palisade
paraphrasing	paraphrase
partied	party
pasting	paste
patted	pat
peels	peel
pendants	pendant
personas	persona
pinks	pink
plunges	plunge
portrayals	portrayal
postulated	postulate
primers	primer
prolonging	prolong
quarrels	quarrel
quilted	quilt
quilts	quilt
ramming	ram
rectangles	rectangle
redistricting	redistrict
reissued	reissue
replayed	replay
reservists	reservist
retaliated	retaliate
retirements	retirement
revives	revive
revolted	revolt
roms	rom
sawed	saw
sayers	sayer
screenwriting	screenwrite
shatters	shatter
shopkeepers	shopkeeper
sicker	sick
signified	signify
skated	skate
sobbed	sob
statisticians	statistician
subsystems	subsystem
surpluses	surplus
surrenders	surrender
tailgating	tailgate
tapestries	tapestry
teamsters	teamster
technologists	technologist
tolerances	tolerance
tongs	tong
tryouts	tryout
tues	tue
tusks	tusk
unpacked	unpack
urinating	urinate
visualized	visualize
vitae	vita
whigs	whig
widgets	widget
winks	wink
worshiping	worship
wouldn	will
appropriating	appropriate
ascertained	ascertain
barked	bark
benefactors	benefactor
busses	buss
campsites	campsite
cataracts	cataract
caveats	caveat
clays	clay
clogs	clog
colluding	collude
commutes	commute
completions	completion
concocted	concoct
conditioners	conditioner
cranberries	cranberry
cytokines	cytokine
dawning	dawn
delicacies	delicacy
desktops	desktop
determinations	determination
dictatorships	dictatorship
dildos	dildo
dismembered	dismember
dissertations	dissertation
doings	doing
duets	duet
emulated	emulate
emulating	emulate
endorphins	endorphin
engrossed	engross
entwined	entwine
evacuations	evacuation
exponents	exponent
eyeglasses	eyeglass
falsehoods	falsehood
forearms	forearm
gossiping	gossip
granules	granule
hares	hare
hol	holyday
honing	hone
hyping	hype
idioms	idiom
illustrators	illustrator
infects	infect
inflating	inflate
interred	inter
interrogations	interrogation
intrusions	intrusion
jeeps	jeep
journeyed	journey
loci	locus
loos	loo
lotteries	lottery
loudspeakers	loudspeaker
majored	major
malfunctions	malfunction
mamas	mama
mangoes	mango
margaritas	margarita
martens	marten
mouthing	mouth
nabbed	nab
navigated	navigate
neutered	neuter
normalizing	normalize
northerners	northerner
nts	nt
outcrops	outcrop
paradoxes	paradox
permutations	permutation
pixies	pixie
pornstars	pornstar
prefabricated	prefabricate
premiering	premiere
probs	prob
propelling	propel
pythons	python
quartered	quarter
rattles	rattle
razed	raze
recitals	recital
reconstructing	reconstruct
repatriated	repatriate
reposted	repost
silks	silk
sills	sill
skittles	skittle
smalling	small
softest	soft
spellings	spelling
splinters	splinter
squeezes	squeeze
starks	stark
stereotyped	stereotype
stowed	stow
stylists	stylist
surmounted	surmount
symphonies	symphony
tatars	tatar
throes	throe
tilts	tilt
tonsils	tonsil
transfusions	transfusion
traumas	trauma
unaltered	unalter
unloved	unlove
unmasked	unmask
violators	violator
wasn	be
wavering	waver
wildflowers	wildflower
zips	zip
abstained	abstain
aeroplanes	aeroplane
affirmations	affirmation
ahs	ah
allotments	allotment
appetizers	appetizer
appraised	appraise
auctioneers	auctioneer
automakers	automaker
baited	bait
benefitting	benefit
bettering	better
bewitched	bewitch
blazes	blaze
bondholders	bondholder
bullshitting	bullshit
charing	char
cheeseburgers	cheeseburger
chews	chew
chiles	chile
choruses	chorus
clinching	clinch
cogs	cog
conjugated	conjugate
conquerors	conqueror
consents	consent
crests	crest
crustaceans	crustacean
curbs	curb
decoded	decode
delving	delve
deniers	denier
depositors	depositor
despises	despise
devotes	devote
dispersing	disperse
disposals	disposal
elms	elm
embattled	embattle
enamored	enamor
endowments	endowment
entertainments	entertainment
enthralled	enthrall
escalates	escalate
eskimos	eskimo
evangelists	evangelist
excavating	excavate
expelling	expel
fairgrounds	fairground
fallacies	fallacy
farted	fart
fenders	fender
gemstones	gemstone
grasshoppers	grasshopper
groped	grope
harnesses	harness
howls	howl
hydrating	hydrate
impaled	impale
lagoons	lagoon
lessening	lessen
lipped	lip
littering	litter
livers	liver
longhorns	longhorn
loveliest	lovely
marinated	marinate
megawatts	megawatt
milfs	milf
millimetres	millimetre
misfortunes	misfortune
mismatched	mismatch
modernizing	modernize
moped	mope
mountaineers	mountaineer
mugging	mug
nickels	nickel
obstructions	obstruction
opiates	opiate
oscillating	oscillate
outperformed	outperform
overlaid	overlay
overlapped	overlap
patronizing	patronize
peppered	pepper
pews	pew
pineapples	pineapple
pronged	prong
proofing	proof
propping	prop
purges	purge
receded	recede
regenerating	regenerate
remaking	remake
repetitions	repetition
restorations	restoration
retweets	retweet
roasts	roast
rowed	row
sanctioning	sanction
sawing	saw
secretions	secretion
sedated	sedate
sepia	sepium
shamans	shaman
shoveling	shovel
silvers	silver
skirting	skirt
slinging	sling
spiking	spike
spires	spire
sprinters	sprinter
sprouted	sprout
staircases	staircase
strategists	strategist
sunbathing	sunbathe
tellers	teller
thickens	thicken
thongs	thong
thurs	thur
timetables	timetable
tortoises	tortoise
trimmer	trim
underscored	underscore
urls	url
usurped	usurp
vestiges	vestige
vipers	viper
webcams	webcam
weeps	weep
winked	wink
writhing	writhe
accelerators	accelerator
admirals	admiral
advertises	advertise
alignments	alignment
alleviating	alleviate
animating	animate
anthologies	anthology
arcades	arcade
bankruptcies	bankruptcy
barrows	barrow
blighted	blight
blinks	blink
borrowings	borrowing
bouncers	bouncer
buoys	buoy
camouflaged	camouflage
catalogued	catalogue
catastrophes	catastrophe
cheerios	cheerio
collated	collate
commoners	commoner
compiles	compile
conjoined	conjoin
conservationists	conservationist
crevices	crevice
culminates	culminate
dejected	deject
dented	dent
deprecating	deprecate
derided	deride
designates	designate
despatched	despatch
dimples	dimple
dirtiest	dirty
driest	dry
dubbing	dub
eradicating	eradicate
firs	fir
flashlights	flashlight
flaunting	flaunt
formulae	formula
frescoes	fresco
ghouls	ghoul
handicrafts	handicraft
headliners	headliner
hippos	hippo
inhabits	inhabit
insinuating	insinuate
intervenes	intervene
ionizing	ionize
islets	islet
jocks	jock
leaped	leap
marques	marque
maxed	max
misjudged	misjudge
mourns	mourn
mowed	mow
muskets	musket
navigators	navigator
nothings	nothing
notting	nott
omens	omen
overused	overuse
parading	parade
pathologists	pathologist
phrased	phrase
pieced	piece
ploughed	plough
polynomials	polynomial
posited	posit
preying	prey
purifying	purify
puritans	puritan
quads	quad
radicalized	radicalize
reaped	reap
recesses	recess
redistributed	redistribute
reinvented	reinvent
rejections	rejection
rejuvenated	rejuvenate
reloading	reload
reminiscences	reminiscence
remittances	remittance
renewals	renewal
revels	revel
revolvers	revolver
rinsed	rinse
roofed	roof
rowers	rower
safes	safe
scouted	scout
slacking	slack
slashes	slash
sneezes	sneeze
snubbed	snub
sounders	sounder
soured	sour
squirting	squirt
stipulations	stipulation
subbing	sub
swatches	swatch
tallies	tally
talons	talon
tenured	tenure
terriers	terrier
trims	trim
tweezers	tweezer
twerking	twerk
unchained	unchain
unelected	unelect
unleashes	unleash
uplands	upland
upstanding	upstand
vapors	vapor
wettest	wet
whines	whine
yams	yam
advices	advice
affording	afford
aldermen	alderman
anointing	anoint
apologising	apologise
aquariums	aquarium
balling	ball
baptised	baptise
bawling	bawl
bayonets	bayonet
birdies	birdie
blockbusters	blockbuster
bluffing	bluff
boomed	boom
capsized	capsize
condiments	condiment
conferring	confer
convening	convene
crouched	crouch
deflecting	deflect
deserters	deserter
devalued	devalue
disappoints	disappoint
diverged	diverge
dryers	dryer
elevates	elevate
entertains	entertain
exerts	exert
facades	facade
felling	fell
feuding	feud
flexed	flex
foams	foam
foregone	forego
foreshadowed	foreshadow
foreshadowing	foreshadow
fourths	fourth
freshest	fresh
fringed	fringe
funnels	funnel
gnomes	gnome
gophers	gopher
goths	goth
grandest	grand
herbicides	herbicide
hows	how
improvising	improvise
indentured	indenture
intersects	intersect
landlocked	landlock
leaner	lean
legos	lego
lighthouses	lighthouse
llamas	llama
luminaries	luminary
makings	making
maniacs	maniac
manifolds	manifold
mesmerized	mesmerize
milked	milk
mosquitos	mosquito
mottled	mottle
murmuring	murmur
nationalized	nationalize
neutrinos	neutrino
nips	nip
nus	nu
obamas	obama
overestimated	overestimate
overloading	overload
overthrowing	overthrow
pageants	pageant
panning	pan
planing	plane
ploughing	plough
presuming	presume
puked	puke
queued	queue
ravages	ravage
rearranging	rearrange
regenerated	regenerate
regimens	regimen
resold	resell
rimmed	rim
risers	riser
runaways	runaway
scribbled	scribble
seatbelts	seatbelt
shallower	shallow
shaves	shave
simulates	simulate
slavs	slav
sloped	slope
spooks	spook
squires	squire
stank	stink
stoppers	stopper
storytellers	storyteller
stratified	stratify
streaked	streak
tasking	task
tidings	tiding
trickling	trickle
trimmings	trimming
twos	two
unaffiliated	unaffiliate
underlines	underline
unscheduled	unschedule
wands	wand
wearables	wearable
worthing	worth
abstractions	abstraction
angrier	angry
attenuated	attenuate
avenging	avenge
bangles	bangle
beaters	beater
binaries	binary
blackmailing	blackmail
bloodied	bloody
breadcrumbs	breadcrumb
bridged	bridge
brightening	brighten
buffaloes	buffalo
burglaries	burglary
cacti	cactus
canaries	canary
carded	card
cashiers	cashier
clutched	clutch
complainants	complainant
comps	comp
constipated	constipate
consults	consult
consummated	consummate
contemplates	contemplate
crunches	crunch
curiosities	curiosity
cymbals	cymbal
darkening	darken
debs	deb
debunking	debunk
deepens	deepen
deformities	deformity
denounces	denounce
destabilizing	destabilize
detaining	detain
digesting	digest
dimmed	dim
disheartened	dishearten
dispossessed	dispossess
dissecting	dissect
dominions	dominion
effing	eff
encrusted	encrust
enticed	entice
estuaries	estuary
faintest	faint
fasteners	fastener
fiends	fiend
finders	finder
flattening	flatten
flirts	flirt
franchising	franchise
gambled	gamble
garnering	garner
ghettos	ghetto
gnawing	gnaw
growths	growth
hallows	hallow
hangovers	hangover
hillsides	hillside
imparted	impart
instalments	instalment
intermediates	intermediate
introverts	introvert
irked	irk
jurists	jurist
juxtaposed	juxtapose
kennels	kennel
locates	locate
marginalised	marginalise
matted	mat
methodists	methodist
middlemen	middleman
misdemeanors	misdemeanor
modifies	modify
monarchies	monarchy
mopping	mop
multinationals	multinational
navies	navy
negated	negate
neurotransmitters	neurotransmitter
nozzles	nozzle
nucleotides	nucleotide
obscuring	obscure
outlived	outlive
overdoses	overdose
pared	pare
payrolls	payroll
pikes	pike
pining	pine
pix	pic
pocketed	pocket
posits	posit
prophesied	prophesy
prototyping	prototype
pugs	pug
rackets	racket
radiates	radiate
railed	rail
raindrops	raindrop
ransacked	ransack
reciprocated	reciprocate
remedied	remedy
renews	renew
replaying	replay
retraining	retrain
rewrote	rewrite
rifts	rift
scavengers	scavenger
scoffed	scoff
scoping	scope
searchers	searcher
setters	setter
shat	shit
shrimps	shrimp
sited	site
slacker	slack
smoldering	smolder
soloists	soloist
sovereigns	sovereign
spaceships	spaceship
stilts	stilt
stoning	stone
straddling	straddle
subpoenaed	subpoena
subtleties	subtlety
succumbing	succumb
suppresses	suppress
tanked	tank
tattooing	tattoo
tolerating	tolerate
toning	tone
trickier	tricky
twirling	twirl
unguarded	unguard
unionized	unionize
vesicles	vesicle
victorians	victorian
visualizing	visualize
wafers	wafer
weaning	wean
webbing	web
wooing	woo
workloads	workload
wracking	wrack
zipped	zip
algebras	algebra
amazons	amazon
applauds	applaud
apricots	apricot
authoring	author
baddies	baddy
bagpipes	bagpipe
beaks	beak
berks	berk
blasters	blaster
boars	boar
broads	broad
casters	caster
castrated	castrate
cava	cavum
chronicling	chronicle
chucking	chuck
coders	coder
colluded	collude
commies	commie
composting	compost
conceiving	conceive
concurred	concur
coombs	coomb
coos	coo
couldn	could
courtiers	courtier
cringing	cringe
customised	customise
defaced	deface
deporting	deport
destinies	destiny
diversifying	diversify
donning	don
duds	dud
electives	elective
emphasising	emphasise
endpoints	endpoint
enforcers	enforcer
engrossing	engross
epistles	epistle
evaporates	evaporate
fanned	fan
fes	fe
fevers	fever
flaring	flare
fora	forum
fords	ford
foresters	forester
garrisons	garrison
gerrymandering	gerrymander
givers	giver
gutting	gut
gymnasts	gymnast
hairdressers	hairdresser
handpicked	handpick
handsets	handset
hollows	hollow
homeschooling	homeschool
imprints	imprint
inclinations	inclination
instituting	institute
kbs	kb
kidnappings	kidnapping
lattes	latte
legislated	legislate
loaders	loader
moisturizing	moisturize
nanotubes	nanotube
necessitates	necessitate
patterning	pattern
penning	pen
petitioning	petition
pharaohs	pharaoh
porches	porch
postures	posture
quarks	quark
quashed	quash
queried	query
quivering	quiver
rainforests	rainforest
ramblings	rambling
ramparts	rampart
rascals	rascal
rebooted	reboot
redd	rede
refills	refill
replenished	replenish
riveted	rivet
romantics	romantic
sacs	sac
saluting	salute
seeping	seep
sophomores	sophomore
splattered	splatter
stalkers	stalker
stans	stan
superintendents	superintendent
suspenders	suspender
swerved	swerve
syndicates	syndicate
tamer	tame
taunted	taunt
taverns	tavern
teasers	teaser
toting	tote
trademarked	trademark
trampling	trample
tramways	tramway
transcended	transcend
underfunded	underfund
underperforming	underperform
unlisted	unlist
whistled	whistle
accentuated	accentuate
aer	ae
amplifying	amplify
aprons	apron
archiving	archive
arraigned	arraign
attendances	attendance
bakes	bake
balled	ball
beaux	beau
beeps	beep
begotten	beget
beleaguered	beleaguer
birthed	birth
bounding	bound
browned	brown
catalyzed	catalyze
categorised	categorise
chiming	chime
congratulates	congratulate
conquers	conquer
costumed	costume
creepers	creeper
dabbled	dabble
daffodils	daffodil
defaulting	default
detergents	detergent
dickheads	dickhead
diffused	diffuse
dioceses	diocese
disapproving	disapprove
disembodied	disembody
dishonored	dishonor
doctored	doctor
emaciated	emaciate
envied	envie
fattening	fatten
fillets	fillet
fissures	fissure
fisted	fist
flinging	fling
foodies	foodie
franchisees	franchisee
funders	funder
gliders	glider
golding	gold
growls	growl
handlebars	handlebar
hangouts	hangout
hastened	hasten
homelands	homeland
hovers	hover
hurrying	hurry
imitates	imitate
invigorating	invigorate
linebackers	linebacker
loitering	loiter
malays	malay
merited	merit
microns	micron
mobsters	mobster
mumbled	mumble
muscled	muscle
nettles	nettle
nicked	nick
nodules	nodule
oddities	oddity
opined	opine
opts	opt
orphanages	orphanage
ospreys	osprey
outbuildings	outbuilding
pales	pale
peculiarities	peculiarity
piqued	pique
pis	pi
platitudes	platitude
pleated	pleat
pled	plead
pollinators	pollinator
polygons	polygon
progressions	progression
purring	purr
rashes	rash
reals	real
rebuffed	rebuff
revoking	revoke
ripening	ripen
riskier	risky
rivets	rivet
rots	rot
sentries	sentry
sheeting	sheet
shipwrecked	shipwreck
shudders	shudder
sickened	sicken
sitters	sitter
skyrocketing	skyrocket
sported	sport
spotlights	spotlight
squealing	squeal
stallions	stallion
stockpiling	stockpile
stringing	string
sunnis	sunni
thieving	thieve
toiletries	toiletry
traverses	traverse
untied	untie
unturned	unturn
veered	veer
wagering	wager
whirling	whirl
worshipers	worshiper
zealots	zealot
achievers	achiever
actuators	actuator
analogues	analogue
anchovies	anchovy
athenians	athenian
awoken	awaken
banquets	banquet
beckons	beckon
belles	belle
bested	best
bloating	bloat
bodybuilders	bodybuilder
braised	braise
breakups	breakup
burrowing	burrow
byes	bye
caressing	caress
cements	cement
chalked	chalk
cloaks	cloak
coasting	coast
conduits	conduit
conferencing	conference
contaminating	contaminate
convulsions	convulsion
coopers	cooper
costas	costa
creamed	cream
creeped	creep
cuisines	cuisine
dedicates	dedicate
delineated	delineate
depressants	depressant
dishing	dish
disintegrating	disintegrate
disproved	disprove
distilleries	distillery
distilling	distill
distorts	distort
divinely	divine
downplayed	downplay
eateries	eatery
embarks	embark
entitles	entitle
euthanized	euthanize
faulted	fault
ferrets	ferret
fillies	filly
fleshed	flesh
footballs	football
foresaw	foresee
friendlier	friendly
grafted	graft
hallucinating	hallucinate
hesitating	hesitate
hopefuls	hopeful
innovating	innovate
interviewees	interviewee
kiddies	kiddie
landers	lander
lapped	lap
leaching	leach
ledges	ledge
loathed	loathe
marauders	marauder
mended	mend
molars	molar
nannies	nannie
notifies	notify
officiated	officiate
orgs	org
pastels	pastel
plundering	plunder
prescribes	prescribe
proportioned	proportion
psychics	psychic
quakes	quake
quarrying	quarry
regains	regain
registries	registry
resurfacing	resurface
riven	rive
rusting	rust
saluted	salute
skids	skid
snarling	snarl
snatches	snatch
splintered	splinter
stadia	stadium
stanzas	stanza
stigmatized	stigmatize
swifts	swift
tanking	tank
thinned	thin
trainings	training
treasuries	treasury
tutored	tutor
typified	typify
voided	void
wagers	wager
welling	well
whisked	whisk
wristbands	wristband
yachting	yacht
zeroes	zero
zooms	zoom
abrahams	abraham
airliners	airliner
allergens	allergen
approximations	approximation
aquifers	aquifer
arching	arch
arsed	arse
backlinks	backlink
bandaged	bandage
bellied	belly
bestsellers	bestseller
blindsided	blindside
bloodlines	bloodline
bonfires	bonfire
brooms	broom
casks	cask
closings	closing
cobwebs	cobweb
collaborates	collaborate
collages	collage
colonels	colonel
compressing	compress
corporates	corporate
counsels	counsel
creamer	cream
creases	crease
cribs	crib
croissants	croissant
custodians	custodian
delves	delve
disguising	disguise
diverging	diverge
dodds	dodd
durations	duration
encircling	encircle
erections	erection
escalators	escalator
evacuees	evacuee
evens	even
evs	ev
faeces	feces
faltering	falter
femmes	femme
fictions	fiction
finalizing	finalize
floodgates	floodgate
floorboards	floorboard
fluctuated	fluctuate
fluctuates	fluctuate
friendliest	friendly
frowning	frown
gauging	gauge
gees	gee
grunting	grunt
hemispheres	hemisphere
hocking	hock
holiest	holy
holograms	hologram
hospitalised	hospitalise
ignites	ignite
immortalized	immortalize
incidences	incidence
inconveniences	inconvenience
incubators	incubator
inefficiencies	inefficiency
infusions	infusion
injunctions	injunction
inlaid	inlay
invents	invent
jewelers	jeweler
kilns	kiln
loggers	logger
loins	loin
magnitudes	magnitude
manipulates	manipulate
mitts	mitt
modems	modem
motorbikes	motorbike
mss	ms
multipliers	multiplier
nauseating	nauseate
normans	norman
omits	omit
overdosed	overdose
overran	overrun
paroled	parole
partaking	partake
patriarchs	patriarch
pavilions	pavilion
peacocks	peacock
philistines	philistine
polyps	polyp
potting	pot
preconceptions	preconception
presides	preside
provisioning	provision
puddings	pudding
rakes	rake
ranching	ranch
reaffirms	reaffirm
reappears	reappear
rebelling	rebel
reciprocating	reciprocate
relapsed	relapse
relented	relent
reproduces	reproduce
reverts	revert
rinsing	rinse
safeties	safety
samaritans	samaritan
sanctified	sanctify
sanding	sand
schoolgirls	schoolgirl
seabirds	seabird
sequins	sequin
shackled	shackle
smothering	smother
stamens	stamen
strutting	strut
subtracted	subtract
superconducting	superconduct
supervises	supervise
swirls	swirl
tantalizing	tantalize
taos	tao
technicalities	technicality
terrifies	terrify
testes	teste
thawed	thaw
throated	throat
thumbnails	thumbnail
trotted	trot
troughs	trough
twinning	twin
typewriters	typewriter
unabated	unabate
underpinnings	underpinning
urns	urn
validates	validate
vats	vat
vaulting	vault
venerated	venerate
waiving	waive
waring	ware
wests	west
wiles	wile
wizarding	wizard
abounds	abound
aerosols	aerosol
airfields	airfield
anas	ana
bards	bard
bicycling	bicycle
blinders	blinder
brandishing	brandish
caked	cake
censuses	census
chickpeas	chickpea
choppers	chopper
chuffed	chuff
chutes	chute
clawing	claw
cls	cl
compacted	compact
complementing	complement
confederations	confederation
cots	cot
crystallized	crystallize
cuddled	cuddle
degenerated	degenerate
degrades	degrade
denizens	denizen
descriptors	descriptor
dislodged	dislodge
doubters	doubter
dragoons	dragoon
dredged	dredge
echelons	echelon
emitters	emitter
enlarging	enlarge
evictions	eviction
fads	fad
flamingos	flamingo
flippers	flipper
flogged	flog
flushes	flush
givens	given
glimpsed	glimpse
harshest	harsh
heeded	heed
hollering	holler
hotdogs	hotdog
hounded	hound
imitations	imitation
impediments	impediment
instigating	instigate
intensities	intensity
interrelated	interrelate
juicing	juice
kickbacks	kickback
labia	labium
leaved	leave
leeks	leek
manicured	manicure
militaries	military
militiamen	militiaman
multitudes	multitude
narrowest	narrow
necessitating	necessitate
neutralizing	neutralize
nudged	nudge
overlords	overlord
paperbacks	paperback
persisting	persist
plying	ply
pouting	pout
prefixes	prefixe
preliminaries	preliminary
presbyterians	presbyterian
preyed	prey
probiotics	probiotic
procrastinating	procrastinate
pylons	pylon
ramped	ramp
rapped	rap
reactivated	reactivate
recessions	recession
regalia	regal
repainted	repaint
reposting	repost
rippling	ripple
ris	ri
schematics	schematic
septa	septum
serfs	serf
shacks	shack
showrooms	showroom
shuttered	shutter
singling	single
sinning	sin
sorcerers	sorcerer
spewed	spew
spokesmen	spokesman
thwarting	thwart
tidbits	tidbit
tightens	tighten
touts	tout
triads	triad
trolleys	trolley
trusses	truss
tufted	tuft
typhoons	typhoon
uninspired	uninspire
ushers	usher
videotaped	videotape
vilified	vilify
wiretapping	wiretap
womans	woman
wringing	wring
absolved	absolve
abstaining	abstain
advisories	advisory
affinities	affinity
agitators	agitator
agonists	agonist
aviators	aviator
backfires	backfire
bailiffs	bailiff
barricaded	barricade
beeping	beep
biopsies	biopsy
blackest	black
bookshelves	bookshelf
buckling	buckle
buries	bury
byproducts	byproduct
cackling	cackle
carpeting	carpet
chins	chin
chiseled	chisel
classifieds	classified
coursing	course
crowdsourcing	crowdsource
cryptocurrencies	cryptocurrency
cyberbullying	cyberbully
davids	david
denning	den
depleting	deplete
devotions	devotion
differentials	differential
dismissals	dismissal
disobeyed	disobey
disobeying	disobey
dispositions	disposition
domineering	domineer
dominos	domino
dunking	dunk
dwarfed	dwarf
electrics	electric
emancipated	emancipate
emblazoned	emblazon
encodes	encode
erupting	erupt
etchings	etching
exclaiming	exclaim
festering	fester
firecrackers	firecracker
flabbergasted	flabbergast
forges	forge
frowns	frown
frustrates	frustrate
gillies	gillie
groaned	groan
hedgehogs	hedgehog
herbivores	herbivore
inactivated	inactivate
incisions	incision
infographics	infographic
informations	information
intruding	intrude
jingles	jingle
jumbled	jumble
ketones	ketone
labours	labour
lettered	letter
lumbering	lumber
maligned	malign
marchers	marcher
mazes	maze
meshes	mesh
microscopes	microscope
milkshakes	milkshake
misbehaving	misbehave
misusing	misuse
moldy	mouldy
morphing	morph
nationalised	nationalise
overeating	overeat
overheads	overhead
overlays	overlay
overreacted	overreact
palpitations	palpitation
parlors	parlor
patronising	patronise
payoffs	payoff
permeates	permeate
perpetuates	perpetuate
perturbed	perturb
phenotypes	phenotype
philanthropists	philanthropist
plows	plow
punting	punt
ravishing	ravish
reis	real
reiterates	reiterate
relievers	reliever
replicates	replicate
resettled	resettle
resistances	resistance
restarts	restart
reusing	reuse
roughing	rough
ruffles	ruffle
slings	sling
solomons	solomon
spliced	splice
sprinted	sprint
straying	stray
streaking	streak
subjugated	subjugate
subsidizing	subsidize
surfactants	surfactant
tacitly	tacit
tailing	tail
tailings	tailing
tidying	tidy
tinned	tin
toasting	toast
townhouses	townhouse
trifling	trifle
uncooked	uncook
underlining	underline
underpinned	underpin
undeserved	undeserve
unsaid	unsay
uppers	upper
uttering	utter
wallabies	wallaby
accesses	access
alleviated	alleviate
approximated	approximate
ascends	ascend
aspirants	aspirant
avalanches	avalanche
baboons	baboon
bade	bede
blocs	bloc
bookmakers	bookmaker
brained	brain
bundling	bundle
caching	cache
calamities	calamity
campgrounds	campground
cataloging	catalog
chipmunks	chipmunk
churned	churn
conformed	conform
consulates	consulate
corrupts	corrupt
darting	dart
decays	decay
decking	deck
defectors	defector
degenerates	degenerate
depositions	deposition
detachments	detachment
disassembled	disassemble
disgusts	disgust
dogging	dog
eliminations	elimination
eons	eon
firewalls	firewall
fridges	fridge
funneled	funnel
fussing	fuss
galleys	galley
gatekeepers	gatekeeper
glides	glide
glosses	gloss
goaltending	goaltend
greyhounds	greyhound
grieved	grieve
guardsmen	guardsman
hampers	hamper
heavyweights	heavyweight
hobbits	hobbit
hogging	hog
hoisting	hoist
householders	householder
janitors	janitor
kegs	keg
laboured	labour
lessens	lessen
lessing	less
manors	manor
mantras	mantra
militarized	militarize
mobbed	mob
mobilised	mobilise
moneys	money
nappies	nappy
nitrates	nitrate
ordinating	ordinate
paras	para
permeated	permeate
plagiarized	plagiarize
plummeting	plummet
polices	police
policyholders	policyholder
precluded	preclude
pubes	pubis
publicised	publicise
quilting	quilt
reconnected	reconnect
reconsidering	reconsider
redeveloped	redevelop
refutes	refute
renditions	rendition
repelling	repel
sacra	sacrum
saddens	sadden
saucers	saucer
saviors	savior
separations	separation
shallots	shallot
shifters	shifter
shins	shin
shorted	short
sipped	sip
siting	site
skateboards	skateboard
slats	slat
sneezed	sneeze
sorties	sortie
sprawled	sprawl
stabilised	stabilise
stiller	still
straighter	straight
swimsuits	swimsuit
swooped	swoop
tats	tat
telegrams	telegram
thais	thai
ticketed	ticket
tormenting	torment
toyed	toy
underlies	underlie
unmoved	unmove
uplifted	uplift
vowing	vow
watercolors	watercolor
watermelons	watermelon
watersheds	watershed
weaned	wean
abductions	abduction
agitating	agitate
alkaloids	alkaloid
alternated	alternate
apologises	apologise
artistes	artiste
backpackers	backpacker
ballooning	balloon
basses	bass
berated	berate
blouses	blouse
bronzes	bronze
cabling	cable
civilisations	civilisation
conjures	conjure
consumables	consumable
corticosteroids	corticosteroid
courtyards	courtyard
critiquing	critique
defrauded	defraud
deprecated	deprecate
disconnecting	disconnect
downtrodden	downtrod
dutifully	dutiful
edicts	edict
eights	eight
embodying	embody
encapsulates	encapsulate
evolutions	evolution
exhumed	exhume
expunged	expunge
faring	fare
forecasted	forecast
freemasons	freemason
gamecocks	gamecock
glyphs	glyph
gouging	gouge
headwaters	headwater
hewn	hew
hoppers	hopper
imaged	image
immobilized	immobilize
imparting	impart
instilling	instill
inversions	inversion
knockouts	knockout
kroner	krone
lacerations	laceration
lacs	lac
leathers	leather
liens	lien
littlest	little
lun	lin
mercies	mercy
minimums	minimum
modded	mod
mused	muse
naysayers	naysayer
netizens	netizen
noblemen	nobleman
obeys	obey
overcooked	overcook
overrides	override
parables	parable
particulates	particulate
piecing	piece
placards	placard
plaguing	plague
podcasting	podcast
poms	pom
preschoolers	preschooler
pronounces	pronounce
quantifying	quantify
radishes	radish
redirecting	redirect
reiterating	reiterate
relaunched	relaunch
renderings	rendering
repaying	repay
rereading	reread
resellers	reseller
restated	restate
revitalized	revitalize
saps	sap
seduces	seduce
seeps	seep
seminaries	seminary
sirs	sir
sloths	sloth
slugging	slug
snares	snare
soldered	solder
spammers	spammer
specks	speck
stabilizers	stabilizer
stockpiles	stockpile
stoners	stoner
stranding	strand
strove	strive
swirled	swirl
takings	taking
talkers	talker
thawing	thaw
thinnest	thin
tombstones	tombstone
tooting	toot
torments	torment
turnips	turnip
ultras	ultra
unbelievers	unbeliever
undeclared	undeclare
upheavals	upheaval
urbanized	urbanize
usages	usage
vacuuming	vacuum
wallowing	wallow
wavered	waver
wheres	where
wiggles	wiggle
woking	wok
worsens	worsen
accosted	accost
admonished	admonish
aficionados	aficionado
aggressors	aggressor
assembles	assemble
avowed	avow
bitters	bitter
blacker	black
blemishes	blemish
bloomed	bloom
boulevards	boulevard
brags	brag
butting	butt
capillaries	capillary
carcinogens	carcinogen
carpeted	carpet
chastised	chastise
circuses	circus
cliques	clique
compensates	compensate
copping	cop
cornering	corner
decentralised	decentralise
deciphering	decipher
diluting	dilute
disenchanted	disenchant
distillers	distiller
dodges	dodge
dropouts	dropout
dunked	dunk
educates	educate
enrollees	enrollee
enrollments	enrollment
enthralling	enthrall
equaled	equal
exchangers	exchanger
excreted	excrete
flings	fling
foreheads	forehead
forgeries	forgery
fossilized	fossilize
franchised	franchise
fraudsters	fraudster
geometries	geometry
ghosted	ghost
glens	glen
goalies	goalie
goofing	goof
grates	grate
hangings	hanging
hemmed	hem
homebuyers	homebuyer
icebergs	iceberg
implored	implore
industrialised	industrialise
infestations	infestation
injectors	injector
injects	inject
inquires	inquire
iras	ira
jeopardizing	jeopardize
joggers	jogger
kebabs	kebab
koalas	koala
laundered	launder
laxatives	laxative
liaisons	liaison
lifeguards	lifeguard
litters	litter
loca	locus
marbled	marble
meaner	mean
moores	moore
mosses	moss
mumbles	mumble
nir	ne
observatories	observatory
paralyzing	paralyze
pastimes	pastime
pdfs	pdf
peered	peer
pegging	peg
phobias	phobia
pimping	pimp
plateaus	plateau
precludes	preclude
prouder	proud
pumas	puma
punts	punt
purists	purist
ratepayers	ratepayer
rednecks	redneck
refilled	refill
retorted	retort
revivals	revival
revving	rev
ridding	rid
saloons	saloon
sawn	saw
schoolboys	schoolboy
scotts	scott
sequestered	sequester
shavings	shaving
shoves	shove
shrieks	shriek
skewers	skewer
sleepwalking	sleepwalk
smirking	smirk
snorkeling	snorkel
snuggled	snuggle
softens	soften
squinting	squint
squirming	squirm
stoops	stoop
swank	swink
swerving	swerve
swipes	swipe
tacks	tack
tans	tan
tendering	tender
tenses	tense
toasts	toast
tolling	toll
torts	tort
tubers	tuber
twinks	twink
unsealed	unseal
wags	wag
wankers	wanker
wrangling	wrangle
yawns	yawn
abolitionists	abolitionist
absorbers	absorber
affidavits	affidavit
allegiances	allegiance
assessors	assessor
avs	av
baits	bait
barbecues	barbecue
bastions	bastion
benzodiazepines	benzodiazepine
brahmins	brahman
buoyed	buoy
bypasses	bypass
canopies	canopy
cargoes	cargo
carted	cart
chimed	chime
cilia	cilium
clos	clo
closeted	closet
combats	combat
conceals	conceal
confirmations	confirmation
contouring	contour
couplings	coupling
cufflinks	cufflink
cussing	cuss
defiled	defile
deletions	deletion
delved	delve
deteriorates	deteriorate
disconnects	disconnect
dispelled	dispell
dispensers	dispenser
dwelt	dwell
envisioning	envision
envisions	envision
essences	essence
excusing	excuse
facials	facial
fattest	fat
fawning	fawn
feigned	feign
ferraris	ferrari
fetishes	fetish
flasks	flask
frets	fret
gassing	gas
gloating	gloat
grammars	grammar
halos	halo
handicaps	handicap
headshots	headshot
heaping	heap
heartbeats	heartbeat
hons	hon
imperatives	imperative
incinerated	incinerate
indented	indent
inking	ink
jeopardized	jeopardize
lopes	lope
lotions	lotion
luckier	lucky
madmen	madman
massing	mass
medallions	medallion
midgets	midget
mindsets	mindset
minutiae	minutia
misrepresenting	misrepresent
mulling	mull
nibbling	nibble
objectors	objector
organises	organise
outclassed	outclass
overflows	overflow
pampering	pamper
pelts	pelt
perennials	perennial
platters	platter
porting	port
predefined	predefine
presets	preset
pretenders	pretender
primitives	primitive
propagandists	propagandist
reaffirming	reaffirm
recaps	recap
recharging	recharge
redheads	redhead
redirects	redirect
redundancies	redundancy
registrars	registrar
rejoiced	rejoice
relished	relish
resents	resent
resets	reset
reviled	revile
ricks	rick
rifled	rifle
rubbers	rubber
sectioned	section
shams	sham
shucks	shuck
sired	sire
smoothest	smooth
snags	snag
speculates	speculate
spurned	spurn
stagnated	stagnate
stewed	stew
stews	stew
stoppages	stoppage
straights	straight
subsumed	subsume
suffixes	suffix
swaths	swath
symbolizing	symbolize
toppling	topple
triglycerides	triglyceride
underappreciated	underappreciate
unwitting	unwit
upholstered	upholster
upturned	upturn
vaporized	vaporize
variances	variance
vela	velum
wardrobes	wardrobe
waxes	wax
withstanding	withstand
ags	ag
alls	all
annuals	annual
apologetics	apologetic
appraisers	appraiser
auxiliaries	auxiliary
bared	bare
bedbugs	bedbug
bedded	bed
birding	bird
blushed	blush
bombarding	bombard
broadcasted	broadcast
bronzer	bronze
buts	but
catapulted	catapult
censured	censure
chairing	chair
clarks	clark
commercialized	commercialize
communicators	communicator
conceptualized	conceptualize
condensing	condense
condoned	condone
conniving	connive
corroded	corrode
cotswolds	cotswold
dampened	dampen
dawns	dawn
decibels	decibel
decried	decry
deeming	deem
delinquents	delinquent
desecrated	desecrate
deserting	desert
detonating	detonate
detours	detour
dings	ding
docklands	dockland
elaborates	elaborate
enlists	enlist
enthused	enthuse
erases	erase
excelling	excel
extinguishers	extinguisher
extruded	extrude
famines	famine
fanboys	fanboy
fasted	fast
federalists	federalist
fibroblasts	fibroblast
fingerprinting	fingerprint
fisting	fist
florists	florist
footpaths	footpath
forays	foray
freelancing	freelance
freezers	freezer
garnished	garnish
generalised	generalise
generics	generic
geographers	geographer
gesturing	gesture
grands	grand
growled	growl
handshakes	handshake
hardens	harden
hardwoods	hardwood
headstones	headstone
hemorrhoids	hemorrhoid
herders	herder
hitchhiking	hitchhike
hobbyists	hobbyist
hustled	hustle
inebriated	inebriate
itineraries	itinerary
jewellers	jeweller
karting	kart
knackered	knacker
lancers	lancer
leaded	lead
loaning	loan
lofts	loft
lugs	lug
machinists	machinist
mangroves	mangrove
maples	maple
marooned	maroon
martians	martian
medias	media
merrier	merry
mesmerising	mesmerise
moorings	mooring
mortgaged	mortgage
naturals	natural
nematodes	nematode
nipped	nip
notables	notable
ohms	ohm
optimised	optimise
oracles	oracle
orbitals	orbital
ornamented	ornament
outlawing	outlaw
overhanging	overhang
paralleled	parallel
pasts	past
pediatricians	pediatrician
peeked	peek
perfumed	perfume
prodding	prod
prunes	prune
quarts	quart
queueing	queue
recites	recite
rediscovering	rediscover
refinements	refinement
reflectors	reflector
reimagined	reimagine
relinquishing	relinquish
reunites	reunite
revamping	revamp
reversals	reversal
screenwriters	screenwriter
scruples	scruple
sedatives	sedative
sexualized	sexualize
shallows	shallow
shortfalls	shortfall
sickest	sick
sincerest	sincere
snider	snide
snipes	snipe
specialities	speciality
steepest	steep
subsides	subside
subverted	subvert
surmised	surmise
swabs	swab
tensed	tense
throttling	throttle
tics	tic
tithes	tithe
tongued	tongue
toppers	topper
traumatised	traumatise
trawling	trawl
troublemakers	troublemaker
tsunamis	tsunami
tugged	tug
undeserving	undeserve
utterances	utterance
warplanes	warplane
welds	weld
whorls	whorl
wilders	wilder
wintering	winter
aberrations	aberration
aerials	aerial
alphabets	alphabet
analogs	analog
aphids	aphid
appendices	appendix
aromas	aroma
autopsies	autopsy
awed	awe
bailouts	bailout
ballets	ballet
barreled	barrel
battlegrounds	battleground
beckoning	beckon
braved	brave
bulldozers	bulldozer
bunks	bunk
butchering	butcher
chancellors	chancellor
chillies	chilli
chomping	chomp
chucks	chuck
circulates	circulate
clergymen	clergyman
clowning	clown
compresses	compress
conning	conn
constricted	constrict
coped	cope
corned	corn
cowering	cower
creeds	creed
crepes	crepe
criticises	criticise
dampening	dampen
darned	darn
deciphered	decipher
despairing	despair
deviates	deviate
disapproves	disapprove
disliking	dislike
downplaying	downplay
earplugs	earplug
electorates	electorate
enveloping	envelope
etudes	etude
excavators	excavator
exhausts	exhaust
fermenting	ferment
foals	foal
forecasters	forecaster
glades	glade
glowed	glow
granddaughters	granddaughter
grannies	grannie
harbored	harbor
harmonized	harmonize
herded	herd
hummingbirds	hummingbird
hustlers	hustler
inequities	inequity
informers	informer
integrals	integral
jellies	jelly
keener	keen
lightened	lighten
literatures	literature
lubricated	lubricate
mages	mage
maximized	maximize
metered	meter
morphs	morph
neglects	neglect
novelties	novelty
oeuvres	oeuvre
oozes	ooze
orchestrating	orchestrate
oscillators	oscillator
outtakes	outtake
persevered	persevere
pheasants	pheasant
pinging	ping
pivots	pivot
plotters	plotter
poppers	popper
posses	posse
preconditions	precondition
premierships	premiership
pretensions	pretension
professing	profess
psychos	psycho
reapers	reaper
reassembled	reassemble
rebooting	reboot
recreates	recreate
refuting	refute
rejoining	rejoin
repositioning	reposition
reshaped	reshape
retails	retail
roubles	rouble
salvaging	salvage
screenplays	screenplay
shrugging	shrug
shrunken	shrink
sidetracked	sidetrack
squaring	square
straddles	straddle
synchronised	synchronise
theorizing	theorize
toiling	toil
toothbrushes	toothbrush
trodden	tread
tucks	tuck
unbecoming	unbecome
unrealized	unrealize
whalers	whaler
adjudged	adjudge
arcana	arcanum
balloting	ballot
blurs	blur
blurted	blurt
candied	candy
cantons	canton
chives	chive
cloaking	cloak
coastlines	coastline
coking	coke
configuring	configure
conifers	conifer
connoisseurs	connoisseur
consoling	console
converges	converge
correlating	correlate
crusts	crust
cums	cum
cushioned	cushion
deferring	defer
demoralized	demoralize
diesels	diesel
dimming	dim
disciplining	discipline
divested	divest
doers	doer
dosed	dose
doused	douse
dreadlocks	dreadlock
dregs	dreg
driveways	driveway
enablers	enabler
engendered	engender
engined	engine
entranced	entrance
escapades	escapade
expos	expo
fantasizing	fantasize
fascinates	fascinate
feigning	feign
fells	fell
forebears	forebear
furthered	further
garlands	garland
generalizing	generalize
glossed	gloss
groupies	groupie
hardwired	hardwire
hawaiians	hawaiian
infringements	infringement
installers	installer
ionized	ionize
itemized	itemize
karts	kart
languishing	languish
laymen	layman
lollipops	lollipop
lunges	lunge
lys	ly
marshalls	marshall
meteorologists	meteorologist
mimicked	mimick
minimising	minimise
mothering	mother
motorcyclists	motorcyclist
negotiates	negotiate
notations	notation
obscures	obscure
ostracized	ostracize
overvalued	overvalue
persecutions	persecution
pestering	pester
pivoting	pivot
plebs	pleb
pretenses	pretense
privatised	privatise
proclamations	proclamation
punctures	puncture
quadrupled	quadruple
quips	quip
recuperating	recuperate
redesigning	redesign
redrawn	redraw
repudiated	repudiate
rewrites	rewrite
roused	rouse
safeguarded	safeguard
scintillating	scintillate
scribbling	scribble
scuttled	scuttle
sharps	sharp
shrooms	shroom
shuddering	shudder
slayers	slayer
slurred	slur
smattering	smatter
snuggling	snuggle
solvers	solver
spawns	spawn
storefronts	storefront
stragglers	straggler
striding	stride
stunting	stunt
surcharges	surcharge
surest	sure
tangier	tangy
tendrils	tendril
thickest	thick
tolerates	tolerate
traditionalists	traditionalist
trappers	trapper
twats	twat
undressing	undress
unwinding	unwind
urchins	urchin
variegated	variegate
videotapes	videotape
wobbling	wobble
wowed	wow
zipping	zip
aced	ace
advantaged	advantage
allocates	allocate
alphas	alpha
amplifies	amplify
annealing	anneal
annexing	annex
antecedents	antecedent
apprenticed	apprentice
aspirated	aspirate
baptisms	baptism
beached	beach
beefing	beef
belittling	belittle
blesses	bless
blockaded	blockade
brawling	brawl
breakouts	breakout
cabbages	cabbage
caresses	caress
carnations	carnation
cartoonists	cartoonist
chafing	chafe
chambered	chamber
circumscribed	circumscribe
comings	coming
commandeered	commandeer
commemorations	commemoration
commentating	commentate
comprehending	comprehend
confining	confine
conscripts	conscript
cooperates	cooperate
counseled	counsel
crewmen	crewman
cruces	crux
curbed	curb
deductibles	deductible
discrediting	discredit
dished	dish
drugging	drug
exudes	exude
facilitators	facilitator
flossing	floss
fluted	flute
frightens	frighten
fruiting	fruit
gasses	gas
gazes	gaze
genotypes	genotype
hammocks	hammock
hamstrings	hamstring
handbooks	handbook
hitching	hitch
hotties	hottie
humanists	humanist
husks	husk
imparts	impart
implicating	implicate
imprisoning	imprison
indulgences	indulgence
jackals	jackal
joists	joist
kidnaps	kidnap
klingons	klingon
lacing	lace
latches	latch
lutherans	lutheran
maas	maa
mammoths	mammoth
maximizes	maximize
meeker	meek
metabolized	metabolize
micrograms	microgram
mikes	mike
ministering	minister
modernised	modernise
modulating	modulate
mystified	mystify
nobodies	nobody
obliging	oblige
observances	observance
offing	off
overlying	overlie
overridden	override
overruns	overrun
pacts	pact
pauls	paul
persecuting	persecute
pilgrimages	pilgrimage
plastering	plaster
prancing	prance
prisms	prism
prowling	prowl
pulleys	pulley
rarities	rarity
recharged	recharge
reconfigured	reconfigure
reeled	reel
rehabilitating	rehabilitate
rekindled	rekindle
renouncing	renounce
reprocessing	reprocess
sagas	saga
salamanders	salamander
sayed	say
scalding	scald
scoundrels	scoundrel
scrambles	scramble
seasonings	seasoning
shorting	short
shunning	shun
slates	slate
steppes	steppe
strumming	strum
suiting	suit
supersedes	supersede
takeovers	takeover
tangles	tangle
taylors	taylor
throwers	thrower
tightest	tight
toiled	toil
tomes	tome
toots	toot
underwritten	underwrite
ushering	usher
visionaries	visionary
waterproofing	waterproof
weaponized	weaponize
wearers	wearer
welders	welder
wheelers	wheeler
wiggling	wiggle
wreaking	wreak
wrenches	wrench
abrasions	abrasion
actives	active
adverbs	adverb
airlifted	airlift
amines	amine
amulets	amulet
amusements	amusement
arsenals	arsenal
automating	automate
begets	beget
bibliographies	bibliography
boden	bede
boers	boer
botanists	botanist
brightens	brighten
brutes	brute
buggers	bugger
bushels	bushel
cached	cache
caterers	caterer
cations	cation
chaining	chain
channelled	channel
chums	chum
clenching	clench
collectives	collective
colonizing	colonize
condoning	condone
critiqued	critique
dabbling	dabble
dabs	dab
dampers	damper
decoys	decoy
delisted	delist
dirtier	dirty
dismounted	dismount
duplicating	duplicate
embittered	embitter
emissaries	emissary
encyclopedias	encyclopedia
endangers	endanger
epithets	epithet
estimations	estimation
eunuchs	eunuch
executors	executor
exoplanets	exoplanet
fairytales	fairytale
fancier	fancy
fending	fend
fjords	fjord
garbled	garble
gaskets	gasket
handfuls	handful
harpers	harper
hoards	hoard
hued	hue
inconvenienced	inconvenience
indoctrinated	indoctrinate
inlets	inlet
intros	intro
jarred	jar
jointed	joint
jutting	jut
kayaks	kayak
khans	khan
kindergartens	kindergarten
kneels	kneel
knits	knit
levis	levi
limped	limp
liquors	liquor
lucked	luck
martinis	martini
massaged	massage
mementos	memento
mightiest	mighty
millimetre	millimeter
minnows	minnow
mishandling	mishandle
moguls	mogul
mohamad	muhammad
mowers	mower
mummified	mummify
narcissists	narcissist
narrators	narrator
nipping	nip
oddest	odd
ordinates	ordinate
ousting	oust
overseers	overseer
oxidizing	oxidize
paneling	panel
panelled	panel
pangs	pang
peeks	peek
pickets	picket
piglets	piglet
pinches	pinch
plies	ply
polishes	polish
priors	prior
proscribed	proscribe
quacks	quack
quietest	quiet
quipped	quip
rears	rear
reclassified	reclassify
reconnecting	reconnect
refiners	refiner
repackaged	repackage
repented	repent
reprogramming	reprogramme
restocking	restock
roundabouts	roundabout
sapphires	sapphire
scurrying	scurry
shipwrecks	shipwreck
snobs	snob
sociopaths	sociopath
splints	splint
spoofing	spoof
staves	stave
strollers	stroller
strolls	stroll
sweltering	swelter
swooping	swoop
tannins	tannin
tenements	tenement
tints	tint
unencumbered	unencumber
unfilled	unfill
walling	wall
warmers	warmer
wilted	wilt
winging	winge
abated	abate
accrediting	accredit
afflictions	affliction
aggregating	aggregate
artichokes	artichoke
assemblages	assemblage
augmenting	augment
axons	axon
barnacles	barnacle
beekeepers	beekeeper
bests	best
blizzards	blizzard
bloodiest	bloody
bolstering	bolster
brawls	brawl
buffered	buffer
chalets	chalet
characterizations	characterization
coaxed	coax
corroborating	corroborate
cutouts	cutout
dabbing	dab
daydreams	daydream
demoralizing	demoralize
despatches	despatch
dissing	diss
dorks	dork
downgrading	downgrade
dozing	doze
dramatized	dramatize
drooping	droop
ecologists	ecologist
embellishments	embellishment
emigrating	emigrate
energizing	energize
excepted	except
extinguishing	extinguish
extrapolated	extrapolate
falsifying	falsify
forerunners	forerunner
fretted	fret
fuelling	fuel
ganglia	ganglion
geographies	geography
glared	glare
goalposts	goalpost
goldsmiths	goldsmith
gratified	gratify
harmonizing	harmonize
heirlooms	heirloom
horoscopes	horoscope
hospitalizations	hospitalization
inflected	inflect
inspects	inspect
interludes	interlude
irishmen	irishman
johnsons	johnson
juiced	juice
kennedys	kennedy
kindling	kindle
laboring	labor
lemurs	lemur
lunged	lunge
madder	mad
mailboxes	mailbox
meltdowns	meltdown
misdirected	misdirect
missteps	misstep
nastiest	nasty
nooks	nook
nostra	nostrum
nudging	nudge
optimizations	optimization
paraphrased	paraphrase
parisians	parisian
passageways	passageway
passersby	passerby
pillaging	pillage
platoons	platoon
playmates	playmate
pollsters	pollster
populists	populist
practises	practise
presumes	presume
principalities	principality
prodded	prod
purposed	purpose
readied	ready
reimbursements	reimbursement
reopens	reopen
resurrecting	resurrect
revolutionizing	revolutionize
rumblings	rumbling
sandbags	sandbag
scalping	scalp
scarlets	scarlet
sepals	sepal
serialized	serialize
sieges	siege
smirked	smirk
snowballs	snowball
solider	solid
sowed	sow
sows	sow
squabbling	squabble
squeaking	squeak
stapled	staple
statins	statin
subcultures	subculture
succulents	succulent
symposia	symposium
tapers	taper
teared	tear
tracers	tracer
transducers	transducer
unblocked	unblock
understaffed	understaff
vagaries	vagary
vamps	vamp
wanking	wank
watchdogs	watchdog
whoring	whore
worksheets	worksheet
yearns	yearn
abdicated	abdicate
acceded	accede
accruing	accrue
ambiguities	ambiguity
amuses	amuse
apparitions	apparition
asides	aside
batons	baton
blacksmiths	blacksmith
blobs	blob
bodes	bode
butted	butt
canvassed	canvass
captioning	caption
carters	carter
cased	case
catheters	catheter
ceding	cede
checklists	checklist
chieftains	chieftain
choreographers	choreographer
clasped	clasp
cocos	coco
coroners	coroner
corsets	corset
crocheted	crochet
crusading	crusade
curating	curate
curries	currie
customizing	customize
darted	dart
deterring	deter
discards	discard
discontinuing	discontinue
disqualifying	disqualify
dockers	docker
downers	downer
downsized	downsize
dramatists	dramatist
ducats	ducat
dumbasses	dumbass
emoluments	emolument
excised	excise
executioners	executioner
exteriors	exterior
flamed	flame
freshers	fresher
gilding	gild
gluing	glue
gremlins	gremlin
hampering	hamper
harps	harp
hashing	hash
hemming	hem
hesitates	hesitate
hoaxes	hoax
hobbled	hobble
irks	irk
jigs	jig
kinases	kinase
lances	lance
laureates	laureate
ledgers	ledger
legislating	legislate
lepers	leper
levees	levee
lubricating	lubricate
magnetized	magnetize
mediates	mediate
miffed	miff
mismanaged	mismanage
mucking	muck
nem	ne
nibbles	nibble
normals	normal
occasioned	occasion
overflowed	overflow
overtakes	overtake
pecans	pecan
pianists	pianist
picketing	picket
previewed	preview
profiteering	profiteer
proofreading	proofread
prospectors	prospector
quartets	quartet
queers	queer
quenching	quench
radioed	radio
rampaging	rampage
randomised	randomise
realizations	realization
reams	ream
reinvested	reinvest
repeaters	repeater
residencies	residency
ridiculing	ridicule
rifling	rifle
rummaging	rummage
scabs	scab
shittiest	shitty
signers	signer
singed	singe
sledding	sled
snowboarders	snowboarder
soaks	soak
socialising	socialise
solidifying	solidify
sonatas	sonata
sororities	sorority
staid	stay
stilettos	stiletto
subclasses	subclass
subscribes	subscribe
sulking	sulk
tastings	tasting
tatters	tatter
thoroughfares	thoroughfare
thunders	thunder
tornados	tornado
tramps	tramp
transcribing	transcribe
transcriptions	transcription
undercooked	undercook
vexing	vex
virginians	virginian
voicemails	voicemail
waded	wade
whined	whine
yanking	yank
yearned	yearn
abominations	abomination
acrylics	acrylic
adventuring	adventure
aquatics	aquatic
arrayed	array
articulates	articulate
biosciences	bioscience
bisexuals	bisexual
blacking	black
bolting	bolt
bookshops	bookshop
buddhas	buddha
butlers	butler
cannabinoids	cannabinoid
childhoods	childhood
codenamed	codename
coining	coin
concertos	concerto
concubines	concubine
consoled	console
cookers	cooker
coppers	copper
corks	cork
cringed	cringe
crunched	crunch
deflections	deflection
defrauding	defraud
discriminates	discriminate
doctorates	doctorate
drakes	drake
eclipsing	eclipse
educations	education
elks	elk
entanglements	entanglement
exhaled	exhale
expanses	expanse
externalities	externality
faints	faint
floodwaters	floodwater
floundering	flounder
girders	girder
globalized	globalize
gooding	good
graveyards	graveyard
grieves	grieve
grooved	groove
grosses	gross
grownups	grownup
hibernating	hibernate
ices	ice
impairs	impair
inadequacies	inadequacy
inching	inch
inferring	infer
ingots	ingot
inoculated	inoculate
intangibles	intangible
intersected	intersect
jogged	jog
landmines	landmine
loons	loon
lugging	lug
lumens	lumen
lurked	lurk
malfunctioned	malfunction
maneuvered	maneuver
mappings	mapping
maximising	maximise
metastases	metastasis
octaves	octave
oppressing	oppress
outflows	outflow
overdoing	overdo
overhauling	overhaul
overwhelms	overwhelm
penalised	penalise
perches	perch
perusing	peruse
phonetics	phonetic
plodding	plod
ponders	ponder
poops	poop
pounced	pounce
preorders	preorder
pruned	prune
pushers	pusher
reassures	reassure
recreations	recreation
redwoods	redwood
refuelling	refuel
reimagining	reimagine
remodelling	remodel
resonances	resonance
resonating	resonate
retold	retell
royalists	royalist
sanitized	sanitize
sifted	sift
sleds	sled
smudged	smudge
sniffs	sniff
snuffed	snuff
specializations	specialization
squirts	squirt
stags	stag
suffused	suffuse
synthesizing	synthesize
tasers	taser
tassels	tassel
testaments	testament
thicknesses	thickness
thins	thin
torpedoed	torpedo
torus	toru
transcending	transcend
turntables	turntable
undercutting	undercut
undergarments	undergarment
unspoiled	unspoil
verifies	verify
vibrators	vibrator
volleys	volley
waterlogged	waterlog
whacking	whack
winemakers	winemaker
wiretaps	wiretap
youngs	young
zippers	zipper
abetted	abet
abit	abite
abstracting	abstract
actuated	actuate
addled	addle
afs	af
astrologers	astrologer
authorising	authorise
babysitters	babysitter
backyards	backyard
bails	bail
bankrupted	bankrupt
barrios	barrio
befriending	befriend
bemused	bemuse
berating	berate
bicyclists	bicyclist
bossing	boss
burnished	burnish
bursaries	bursary
candlesticks	candlestick
cardigans	cardigan
cleaved	cleave
conscripted	conscript
corvettes	corvette
creepiest	creepy
curtailing	curtail
cyborgs	cyborg
dangled	dangle
debriefing	debrief
decorators	decorator
depresses	depress
descendents	descendent
detested	detest
dethroned	dethrone
disavowed	disavow
discerned	discern
disembarked	disembark
dissented	dissent
dissuaded	dissuade
domiciled	domicile
dripped	drip
eliciting	elicit
elicits	elicit
embalming	embalm
embezzled	embezzle
entrees	entree
evaporating	evaporate
extenuating	extenuate
fandoms	fandom
fars	far
firings	firing
flaunts	flaunt
forking	fork
frigging	frig
gating	gate
gloved	glove
grenadines	grenadine
grizzled	grizzle
grosser	gross
gusting	gust
hagrid	hagride
harlequins	harlequin
hasta	hafta
headlamps	headlamp
heartening	hearten
hedged	hedge
honeybees	honeybee
honorees	honoree
humps	hump
hurtling	hurtle
identifications	identification
ideologues	ideologue
idiosyncrasies	idiosyncrasy
immigrating	immigrate
imperialists	imperialist
imploded	implode
internals	internal
kettles	kettle
latching	latch
lichens	lichen
lovebirds	lovebird
marveled	marvel
meted	mete
mgs	mg
misadventures	misadventure
misconstrued	misconstrue
mises	mise
misreading	misread
negates	negate
nominates	nominate
pecs	pec
pees	pee
personals	personal
pigtails	pigtail
pistachios	pistachio
plied	ply
preordered	preorder
professes	profess
quadrants	quadrant
raisers	raiser
refreshes	refresh
refurbishing	refurbish
registrants	registrant
relapsing	relapse
reselling	resell
retaken	retake
retaking	retake
rinks	rink
rooks	rook
sandstones	sandstone
scalloped	scallop
scalps	scalp
seeped	seep
shoelaces	shoelace
shutdowns	shutdown
skirted	skirt
soothes	soothe
spammed	spam
spotters	spotter
springboks	springbok
squealed	squeal
stilted	stilt
stooped	stoop
suds	sud
synthetics	synthetic
talkies	talkie
tamales	tamale
teetering	teeter
telegraphed	telegraph
treasurers	treasurer
typesetting	typeset
unzipped	unzip
viewings	viewing
whimpering	whimper
wove	weave
yesterdays	yesterday
abducting	abduct
abides	abide
aboriginals	aboriginal
adorning	adorn
backtracking	backtrack
beguiling	beguile
berets	beret
bfs	bf
blanked	blank
breastfed	breastfeed
bronzed	bronze
brunettes	brunette
bunched	bunch
bureaucracies	bureaucracy
bushings	bushing
buzzards	buzzard
calipers	caliper
cataloguing	catalogue
centimetre	centimeter
certifies	certify
clarifications	clarification
clasps	clasp
clouding	cloud
cobbles	cobble
cobras	cobra
combatting	combat
computerised	computerise
confiscating	confiscate
contorted	contort
crewed	crew
crusted	crust
cutscenes	cutscene
deconstructed	deconstruct
deregulated	deregulate
dikes	dike
disables	disable
disregards	disregard
dozier	dozy
dragonflies	dragonfly
dumpsters	dumpster
earthworms	earthworm
endeared	endear
equalised	equalise
equalling	equal
exacerbating	exacerbate
exaggerates	exaggerate
exotics	exotic
faulting	fault
flaked	flake
fondling	fondle
fronds	frond
galvanised	galvanise
gestured	gesture
geysers	geyser
gossips	gossip
grandstanding	grandstand
graphing	graph
handkerchiefs	handkerchief
hangars	hangar
holier	holy
hummels	hummel
idolized	idolize
immunities	immunity
incised	incise
ingles	ingle
insinuated	insinuate
janes	jane
jawed	jaw
labouring	labour
lavished	lavish
likens	liken
limousines	limousine
meditated	meditate
midshipmen	midshipman
milks	milk
minima	minimum
misdiagnosed	misdiagnose
morrisons	morrison
multiplies	multiply
mvs	mv
negating	negate
neuroscientists	neuroscientist
normalised	normalise
obstetricians	obstetrician
outlooks	outlook
outmoded	outmode
overfishing	overfish
oxygenated	oxygenate
paddled	paddle
paneled	panel
peds	ped
prefixed	prefixe
publics	public
pura	pus
pursuers	pursuer
racehorses	racehorse
radii	radius
ravines	ravine
readying	ready
recs	rec
regrouped	regroup
reorganizing	reorganize
repossessed	repossess
rerouted	reroute
rigors	rigor
romancing	romance
rungs	rung
shames	shame
shipbuilders	shipbuilder
skinheads	skinhead
skinning	skin
slighted	slight
slumping	slump
sneering	sneer
spake	speak
stabilizes	stabilize
subverting	subvert
supermodels	supermodel
swathes	swathe
tali	talus
timeouts	timeout
tradeoffs	tradeoff
transposed	transpose
trawlers	trawler
trembled	tremble
turds	turd
tweeters	tweeter
unfurled	unfurl
uninspiring	uninspire
unraveled	unravel
unwrapped	unwrap
veering	veer
vlogs	vlog
wannabes	wannabe
whiskies	whisky
wilding	wild
writs	writ
accumulations	accumulation
adjudicated	adjudicate
altos	alto
ambushes	ambush
archbishops	archbishop
attests	attest
backlit	backlight
battlements	battlement
befell	befall
bettered	better
bewitching	bewitch
biographers	biographer
blotting	blot
blunted	blunt
bookmarked	bookmark
bracts	bract
bubbled	bubble
buggies	buggy
cahoots	cahoot
capitulated	capitulate
caskets	casket
categorizing	categorize
chlorinated	chlorinate
clubbed	club
cocking	cock
collides	collide
collieries	colliery
consciences	conscience
councilors	councilor
cradled	cradle
cripples	cripple
cubicles	cubicle
curlers	curler
demolitions	demolition
deviating	deviate
dinars	dinar
disheveled	dishevel
dispatchers	dispatcher
dissipates	dissipate
diverts	divert
dribbles	dribble
ducklings	duckling
eigenvalues	eigenvalue
emoticons	emoticon
faucets	faucet
ferried	ferry
ferrying	ferry
fining	fine
fondest	fond
framers	framer
freedmen	freedman
freighters	freighter
fullbacks	fullback
fussed	fuss
gigabytes	gigabyte
glitters	glitter
granulated	granulate
hawkeyes	hawkeye
heists	heist
herons	heron
hillbillies	hillbilly
homeschooled	homeschool
hounding	hound
huffing	huff
hunks	hunk
hyperventilating	hyperventilate
immersing	immerse
imps	imp
inhales	inhale
intimated	intimate
irises	iris
jailing	jail
magnates	magnate
marauding	maraud
masterminded	mastermind
masterminds	mastermind
medalists	medalist
meowing	meow
microprocessors	microprocessor
misspelling	misspell
mollusks	mollusk
mommies	mommy
mooted	moot
motherboards	motherboard
murmured	murmur
nutritionists	nutritionist
odes	ode
paring	pare
persuades	persuade
petrochemicals	petrochemical
pinker	pink
policed	police
polluters	polluter
postulates	postulate
powerhouses	powerhouse
prepositions	preposition
pricked	prick
publicizing	publicize
redoing	redo
regrouping	regroup
reinstalled	reinstall
repressing	repress
rhymed	rhyme
roping	rope
salivating	salivate
saplings	sapling
seafarers	seafarer
seashells	seashell
sequester	sequesters
sittings	sitting
snuggles	snuggle
spurts	spurt
squabbles	squabble
squished	squish
stoking	stoke
stymied	stymie
tadpoles	tadpole
thermometers	thermometer
thermostats	thermostat
threesomes	threesome
tresses	tress
trios	trio
uncredited	uncredit
veers	veer
venetians	venetian
waveforms	waveform
weds	wed
wharves	wharf
worldviews	worldview
acolytes	acolyte
alchemists	alchemist
anglicans	anglican
apostates	apostate
arthropods	arthropod
auctioning	auction
augments	augment
balked	balk
beefed	beef
bellowing	bellow
bigs	big
billowing	billow
blunts	blunt
boaters	boater
boldest	bold
busing	bus
cameramen	cameraman
charlatans	charlatan
circumvented	circumvent
commendations	commendation
competences	competence
concurring	concur
conjectures	conjecture
costed	cost
crowing	crow
crushers	crusher
cubed	cube
decimals	decimal
displaces	displace
doggies	doggie
dozed	doze
drifters	drifter
droning	drone
earthlings	earthling
ejecting	eject
eludes	elude
escapees	escapee
eukaryotes	eukaryote
extractions	extraction
fabrications	fabrication
fairways	fairway
fasts	fast
fatigues	fatigue
finches	finch
flaking	flake
flanges	flange
flecks	fleck
fritters	fritter
furies	fury
fusions	fusion
gobsmacked	gobsmack
googles	google
grappled	grapple
gripes	gripe
gunships	gunship
halving	halve
harvesters	harvester
hassles	hassle
helmed	helm
hillier	hilly
hosed	hose
imploring	implore
incisors	incisor
infos	info
insurances	insurance
keying	key
legalised	legalise
logics	logic
malignancies	malignancy
manifestos	manifesto
metros	metro
mids	mid
miscarried	miscarry
motorised	motorise
mulled	mull
muting	mute
mutters	mutter
niceties	nicety
nota	notum
novellas	novella
obscenities	obscenity
offensives	offensive
orangutans	orangutan
overstepped	overstep
paladins	paladin
parodied	parody
peeves	peeve
pelted	pelt
pervades	pervade
pierces	pierce
pillaged	pillage
pinged	ping
pivoted	pivot
prided	pride
proliferated	proliferate
propels	propel
pucks	puck
purer	pure
purveyors	purveyor
quays	quay
reappointed	reappoint
rebalancing	rebalance
refereed	referee
refilling	refill
regressed	regress
revitalizing	revitalize
ribbing	rib
rooming	room
rumbled	rumble
ruptures	rupture
scrutinizing	scrutinize
shales	shale
shawls	shawl
shekels	shekel
shorn	shear
shortens	shorten
sideburns	sideburn
skinnier	skinny
slandered	slander
slays	slay
snarled	snarl
spacers	spacer
stabbings	stabbing
starlings	starling
stiffened	stiffen
sweated	sweat
synthesizers	synthesizer
techies	techie
teleported	teleport
transits	transit
treks	trek
trespassers	trespasser
trickled	trickle
underestimates	underestimate
undid	undo
unfocused	unfocus
unmotivated	unmotivate
unsweetened	unsweeten
vaunted	vaunt
vestments	vestment
vocations	vocation
weasels	weasel
webbed	web
webinars	webinar
whitest	white
whooped	whoop
wuthering	wuther
yearbooks	yearbook
zirconia	zirconium
actuaries	actuary
airships	airship
apertures	aperture
apprised	apprise
assailed	assaile
bolsters	bolster
browsed	browse
canonized	canonize
carling	carl
cashews	cashew
chequered	chequer
ciphers	cipher
circumventing	circumvent
coaxing	coax
collectables	collectable
colonised	colonise
commends	commend
commonalities	commonality
compressions	compression
convents	convent
conveyors	conveyor
coons	coon
crags	crag
deconstructing	deconstruct
dehumanizing	dehumanize
deliberating	deliberate
demonizing	demonize
displacements	displacement
divulged	divulge
doting	dote
dressers	dresser
drummed	drum
dulled	dull
eloped	elope
emanates	emanate
embezzling	embezzle
ents	ent
expending	expend
expounded	expound
extinctions	extinction
fireballs	fireball
flinched	flinch
frosts	frost
funneling	funnel
galling	gall
gargoyles	gargoyle
gaslighting	gaslight
ghosting	ghost
gobbling	gobble
gouged	gouge
gravitated	gravitate
gunboats	gunboat
gurgling	gurgle
heuristics	heuristic
imploding	implode
incurs	incur
inductees	inductee
inflicts	inflict
interlaced	interlace
invalidating	invalidate
jeffreys	jeffrey
jilted	jilt
journeying	journey
jousting	joust
kgs	kg
languished	languish
lifters	lifter
maladies	maladie
maoists	maoist
mightier	mighty
monomers	monomer
montes	monte
mustaches	mustache
neoplasms	neoplasm
noblest	noble
optioned	option
overcharged	overcharge
panelling	panel
persevering	persevere
phonemes	phoneme
phosphates	phosphate
pleasantries	pleasantry
polarised	polarise
pollinated	pollinate
profs	prof
progenitors	progenitor
protestations	protestation
pseudonyms	pseudonym
punted	punt
reestablished	reestablish
requisitioned	requisition
retrofitted	retrofit
roams	roam
roughed	rough
roughest	rough
rumbles	rumble
sawmills	sawmill
scrawled	scrawl
scuffed	scuff
secondaries	secondary
sheathed	sheathe
sidings	siding
sires	sire
skunks	skunk
slayed	slay
slumps	slump
smit	smite
spayed	spay
spouts	spout
sprees	spree
spurring	spur
stalwarts	stalwart
substations	substation
syrups	syrup
tempering	temper
terminations	termination
tomorrows	tomorrow
toons	toon
transfixed	transfix
trended	trend
tunnelling	tunnel
turners	turner
underutilized	underutilize
unexploded	unexplode
unleaded	unlead
unsullied	unsully
vacuums	vacuum
vanities	vanity
vesting	vest
whys	why
wooed	woo
acrobats	acrobat
amputations	amputation
analyzers	analyzer
appeasing	appease
arbitrators	arbitrator
assassinating	assassinate
backdrops	backdrop
banishing	banish
beckoned	beckon
befriends	befriend
beheld	behold
belies	belie
bluebirds	bluebird
broadens	broaden
bulkheads	bulkhead
caressed	caress
carnivals	carnival
catapults	catapult
coalesced	coalesce
colliers	collier
composes	compose
computes	compute
constraining	constrain
correspondences	correspondence
creationists	creationist
cricketing	cricket
criminalized	criminalize
deducting	deduct
deprives	deprive
dispenses	dispense
dissipating	dissipate
dividers	divider
draughts	draught
enactments	enactment
espousing	espouse
excerpted	excerpt
fielders	fielder
fluxes	flux
forewarned	forewarn
foundered	founder
furries	furry
fusiliers	fusilier
globalists	globalist
gobbled	gobble
goring	gore
guises	guise
gushed	gush
hankering	hanker
homophobes	homophobe
hydrogenated	hydrogenate
imitators	imitator
insertions	insertion
insulators	insulator
insures	insure
interceptors	interceptor
interchanges	interchange
jakes	jake
journaling	journal
keeled	keel
lamas	lama
landlines	landline
latrines	latrine
lockouts	lockout
masturbates	masturbate
medallists	medallist
minigames	minigame
mishandled	mishandle
moccasins	moccasin
mops	mop
muggles	muggle
neocons	neocon
newsstands	newsstand
nms	nm
paddocks	paddock
pitied	pity
pocketing	pocket
podiums	podium
prefaced	preface
proliferating	proliferate
provocations	provocation
pulverized	pulverize
rationalized	rationalize
realists	realist
reboots	reboot
rejuvenating	rejuvenate
replenishing	replenish
residuals	residual
retook	retake
righting	right
roasters	roaster
rocketed	rocket
scribbles	scribble
sheared	shear
shied	shie
skidded	skid
snorts	snort
solidifies	solidify
squatted	squat
squeaks	squeak
stingrays	stingray
stretchers	stretcher
strictures	stricture
stylised	stylise
sweepers	sweeper
tacking	tack
tarred	tarre
terns	tern
unbuttoned	unbutton
underlings	underling
underperformed	underperform
unknowing	unknow
unnerved	unnerve
untouchables	untouchable
veneers	veneer
ventilators	ventilator
vetoes	veto
wass	be
waterboarding	waterboard
weaved	weave
westwards	westward
wining	wine
wobbles	wobble
wrestles	wrestle
amputees	amputee
angering	anger
asylums	asylum
averting	avert
bares	bare
barged	barge
bashes	bash
biding	bide
boning	bone
bracketed	bracket
braiding	braid
brokerages	brokerage
bucked	buck
bulking	bulk
caramelized	caramelize
chars	char
chiropractors	chiropractor
dairies	dairy
dammed	dam
decrying	decry
delegating	delegate
deltas	delta
detentions	detention
disbarred	disbar
disbursed	disburse
doodling	doodle
drillers	driller
effigies	effigy
elucidated	elucidate
encamped	encamp
encampments	encampment
encloses	enclose
enhancers	enhancer
enthroned	enthrone
equalized	equalize
errata	erratum
ewes	ewe
exacerbates	exacerbate
fulfils	fulfil
furthers	further
gracing	grace
gravest	grave
harping	harp
heckling	heckle
hemorrhaging	hemorrhage
herrings	herring
hight	hote
hissed	hiss
hoarded	hoard
hulking	hulk
humanoids	humanoid
imbeciles	imbecile
incites	incite
infringes	infringe
infusing	infuse
inverting	invert
itches	itch
jobseekers	jobseeker
lactating	lactate
lauds	laud
lemmings	lemming
litigants	litigant
loneliest	lonely
lullabies	lullaby
marksmen	marksman
mashing	mash
miscalculated	miscalculate
miseries	misery
modding	mod
molluscs	mollusc
moonlighting	moonlight
ngs	ng
originators	originator
pathologies	pathology
paves	pave
pedaling	pedal
planking	plank
preys	prey
prongs	prong
pronunciations	pronunciation
prospering	prosper
quora	quorum
raved	rave
refunding	refund
reinstating	reinstate
rejoices	rejoice
relishing	relish
retrieves	retrieve
sanded	sand
sashes	sash
scapegoats	scapegoat
seraphim	seraph
shampoos	shampoo
sickens	sicken
sidekicks	sidekick
skippers	skipper
skylights	skylight
spearheading	spearhead
spindles	spindle
spooning	spoon
squeals	squeal
starches	starch
starships	starship
storks	stork
stutters	stutter
symbolises	symbolise
tabulated	tabulate
tallying	tally
trailblazers	trailblazer
transiting	transit
transpires	transpire
transponders	transponder
trespasses	trespass
tumbles	tumble
underwhelmed	underwhelm
unstuck	unstick
unsuited	unsuit
watercolours	watercolour
whitewashing	whitewash
wows	wow
yeasts	yeast
aftershocks	aftershock
annoyances	annoyance
archeologists	archeologist
assimilating	assimilate
ballerinas	ballerina
banshees	banshee
belittled	belittle
bourbons	bourbon
brooches	brooch
buzzwords	buzzword
cadavers	cadaver
carding	card
casuals	casual
climes	clime
compasses	compass
conflated	conflate
conjectured	conjecture
copywriting	copywrite
cornerstones	cornerstone
coverages	coverage
coves	cove
croutons	crouton
cultivators	cultivator
cupped	cup
cuties	cutie
deceptions	deception
defections	defection
deliberated	deliberate
delimited	delimit
demonized	demonize
devours	devour
disbanding	disband
discolored	discolor
discontented	discontent
disorienting	disorient
dolomites	dolomite
drumsticks	drumstick
egged	egg
eighths	eighth
eschewed	eschew
exempts	exempt
expositions	exposition
fathoms	fathom
feedings	feeding
fizzled	fizzle
floodlights	floodlight
florets	floret
foibles	foible
foundries	foundry
frazzled	frazzle
frolicking	frolick
frothing	froth
gauged	gauge
geckos	gecko
genealogies	genealogy
geneticists	geneticist
grandfathered	grandfather
guzzling	guzzle
heresies	heresy
homesteads	homestead
horseshoes	horseshoe
hungrier	hungry
iguanas	iguana
impedes	impede
indiscretions	indiscretion
japs	jap
jettisoned	jettison
legitimized	legitimize
leverages	leverage
lusts	lust
machetes	machete
malformations	malformation
misrepresentations	misrepresentation
mongers	monger
mullahs	mullah
mycobacterium	mycobacteria
mythologies	mythology
nebulae	nebula
neurologists	neurologist
nutting	nut
obliges	oblige
odours	odour
ogres	ogre
oke	ache
opines	opine
outgunned	outgun
outlays	outlay
overburdened	overburden
overhauls	overhaul
pacified	pacify
pastes	paste
pasteurized	pasteurize
pasties	pasty
perturbations	perturbation
pinnacles	pinnacle
pinpointed	pinpoint
pitchforks	pitchfork
pogroms	pogrom
polymorphisms	polymorphism
popularised	popularise
predestined	predestine
quarried	quarry
quills	quill
rattlesnakes	rattlesnake
ravaging	ravage
rebuilds	rebuild
recanted	recant
relapses	relapse
rending	rend
rescheduling	reschedule
retracting	retract
revisits	revisit
ripened	ripen
rushers	rusher
safaris	safari
sager	sage
salutations	salutation
sculptured	sculpture
semiotics	semiotic
shias	shia
shoring	shore
shuffles	shuffle
skidding	skid
slandering	slander
snitches	snitch
squandering	squander
squids	squid
stairways	stairway
stargazing	stargaze
stencils	stencil
stingers	stinger
stockpiled	stockpile
stupider	stupid
subtler	subtle
summarises	summarise
sunspots	sunspot
swindled	swindle
tangents	tangent
telegraphs	telegraph
telemarketing	telemarket
thickets	thicket
timbered	timber
tims	tim
tripling	triple
tuners	tuner
underpins	underpin
undignified	undignify
unrecorded	unrecord
urinals	urinal
utters	utter
vomits	vomit
warblers	warbler
whitecaps	whitecap
yellowing	yellow
yorks	york
zeroed	zero
zs	z
abounding	abound
ails	ail
aircrafts	aircraft
alumnae	alumna
antihistamines	antihistamine
archivists	archivist
authorizations	authorization
bartending	bartend
beading	bead
benders	bender
besties	bestie
bestows	bestow
betas	beta
betters	better
bibs	bib
blackbirds	blackbird
bongs	bong
braving	brave
bricked	brick
cavemen	caveman
certainties	certainty
chainsaws	chainsaw
clattering	clatter
cokes	coke
convenes	convene
cradles	cradle
crawlers	crawler
criminalizing	criminalize
curds	curd
decoupling	decouple
defecting	defect
derailing	derail
dicked	dick
dislocations	dislocation
distrusted	distrust
downgrades	downgrade
dupes	dupe
eccentricities	eccentricity
emulators	emulator
enamoured	enamour
endeavoured	endeavour
engulfing	engulf
enquired	enquire
equaling	equal
extrapolating	extrapolate
fantasized	fantasize
feathering	feather
fetches	fetch
flinching	flinch
followings	following
glares	glare
gravestones	gravestone
grubs	grub
grumbled	grumble
guidebooks	guidebook
herdsmen	herdsman
heterosexuals	heterosexual
howled	howl
hums	hum
hussars	hussar
immunized	immunize
impeaching	impeach
infuriates	infuriate
internets	internet
intruded	intrude
jetting	jet
jolted	jolt
joules	joule
jumpsuits	jumpsuit
kinsmen	kinsman
kneading	knead
lamentations	lamentation
laziest	lazy
leaguers	leaguer
liberators	liberator
livres	livre
lulled	lull
marinas	marina
microsystems	microsystem
mils	mil
nanometers	nanometer
neutrophils	neutrophil
oppositions	opposition
organelles	organelle
overturns	overturn
paleontologists	paleontologist
peddled	peddle
phosphorylated	phosphorylate
plazas	plaza
popsicles	popsicle
precipitating	precipitate
pricier	pricey
prioritizes	prioritize
privateers	privateer
propagates	propagate
purples	purple
rationed	ration
receptacles	receptacle
refraining	refrain
renumbered	renumber
resentments	resentment
revved	rev
robinsons	robinson
romanticized	romanticize
scaffolds	scaffold
schoolmates	schoolmate
scolds	scold
sexed	sex
sharpens	sharpen
shootouts	shootout
shorelines	shoreline
shriveled	shrivel
shunted	shunt
sleepovers	sleepover
slitting	slit
snelling	snell
soulmates	soulmate
souths	south
spiralling	spiral
stagnating	stagnate
streetcars	streetcar
striping	stripe
supercomputers	supercomputer
supposes	suppose
swastikas	swastika
swooning	swoon
tenancies	tenancy
termini	terminus
thirtieth	thirty
twisters	twister
twitches	twitch
umpiring	umpire
unreservedly	unreserved
whizzing	whizz
windsurfing	windsurf
wormholes	wormhole
wriggling	wriggle
acclimated	acclimate
alleyways	alleyway
amplitudes	amplitude
aquaria	aquarium
arses	arse
asterisks	asterisk
availed	avail
awakenings	awakening
befuddled	befuddle
besieging	besiege
blockages	blockage
boles	bole
bristling	bristle
broached	broach
buffing	buff
busking	busk
cann	can
carjacking	carjack
cataloged	catalog
chapped	chap
cicadas	cicada
cleanses	cleanse
cloisters	cloister
coexisting	coexist
colas	cola
convicting	convict
cooped	coop
cornflakes	cornflake
cosplayers	cosplayer
crosswords	crossword
crypts	crypt
demilitarized	demilitarize
destabilized	destabilize
earthworks	earthwork
enacts	enact
ethers	ether
exempting	exempt
exhaling	exhale
extorted	extort
farewells	farewell
faxed	fax
fidgeting	fidget
freemen	freeman
gendarmes	gendarme
geriatrics	geriatric
getaways	getaway
glided	glide
graduations	graduation
gritted	grit
groomsmen	groomsman
grumbles	grumble
hatchlings	hatchling
hazelnuts	hazelnut
hostesses	hostess
housings	housing
implicates	implicate
inclines	incline
interlinked	interlink
interrogators	interrogator
intuitions	intuition
invigorated	invigorate
isms	ism
isomers	isomer
jeweled	jewel
lawes	lawe
lifers	lifer
liquidating	liquidate
litigated	litigate
lols	lol
looses	loose
lurched	lurch
melding	meld
mellowed	mellow
memoranda	memorandum
nibs	nib
noms	nom
notarized	notarize
occuring	occur
offshoots	offshoot
opportunists	opportunist
optima	optimum
outperforming	outperform
ovals	oval
overplayed	overplay
oversold	oversell
pacemakers	pacemaker
parachuting	parachute
pickling	pickle
predeceased	predecease
preformed	preform
preps	prep
proselytizing	proselytize
quenched	quench
remodelled	remodel
remotes	remote
reoccurring	reoccur
retrofitting	retrofit
returnees	returnee
rhinestones	rhinestone
riffing	riff
seceded	secede
shires	shire
shrouds	shroud
shuddered	shudder
smouldering	smoulder
spuds	spud
stents	stent
stooping	stoop
strived	strive
subsections	subsection
sultans	sultan
superlatives	superlative
surfed	surf
tars	tar
terrains	terrain
tonics	tonic
unboxing	unbox
uncapped	uncap
uprooting	uproot
visitations	visitation
vocabularies	vocabulary
vortices	vortex
wads	wad
waists	waist
whittled	whittle
abstentions	abstention
adorns	adorn
aliasing	alias
apportioned	apportion
audios	audio
aunties	auntie
autobiographies	autobiography
baileys	bailey
barbecued	barbecue
baristas	barista
bartering	barter
becks	beck
benjamins	benjamin
bestowing	bestow
boggles	boggle
brutalized	brutalize
buffets	buffet
bulges	bulge
captaining	captain
cheeked	cheek
cleaves	cleave
colonizers	colonizer
concussed	concuss
consolidates	consolidate
contraindications	contraindication
coops	coop
copes	cope
couched	couch
creased	crease
dandelions	dandelion
debentures	debenture
derbies	derby
dermatologists	dermatologist
detracts	detract
devolving	devolve
dishwashers	dishwasher
disinfected	disinfect
dogmas	dogma
dumbbells	dumbbell
easements	easement
embankments	embankment
enchiladas	enchilada
enriches	enrich
exfoliating	exfoliate
exterminating	exterminate
farmlands	farmland
fashioning	fashion
feld	fold
fictionalized	fictionalize
firming	firm
fortifying	fortify
frequenting	frequent
furrowed	furrow
globetrotters	globetrotter
glorifies	glorify
gnats	gnat
goldfields	goldfield
grossest	gross
gullies	gully
hawkers	hawker
headbands	headband
hermits	hermit
holidaymakers	holidaymaker
homered	homer
illuminations	illumination
jacksons	jackson
lackeys	lackey
liquidators	liquidator
lithographs	lithograph
lynchings	lynching
mailings	mailing
makeovers	makeover
mandibles	mandible
manipulators	manipulator
matting	mat
mopped	mop
objectified	objectify
ods	od
outgrew	outgrow
parachuted	parachute
paralleling	parallel
paramilitaries	paramilitary
parklands	parkland
patronized	patronize
photocopies	photocopy
pipers	piper
plasmas	plasma
predated	predate
prelates	prelate
pressurised	pressurise
presupposes	presuppose
previewing	preview
quelled	quell
querying	query
quickened	quicken
ranted	rant
rarefied	rarefy
rebukes	rebuke
reprogrammed	reprogramme
ridings	riding
rivaled	rival
rosettes	rosette
salting	salt
satanists	satanist
shadowbanned	shadowban
siphoning	siphon
skied	ski
slicker	slick
slurping	slurp
snagging	snag
sounder	sound
spars	spar
spenders	spender
spiraled	spiral
splayed	splay
squirted	squirt
statics	static
steamboats	steamboat
steelworkers	steelworker
stigmas	stigma
stomps	stomp
symmetries	symmetry
sympathized	sympathize
tastier	tasty
thoroughbreds	thoroughbred
throttled	throttle
tills	till
timescales	timescale
tinkling	tinkle
toasters	toaster
toothpicks	toothpick
transplanting	transplant
trumpeting	trumpet
tumblers	tumbler
undersigned	undersign
underused	underuse
waltzing	waltz
wracked	wrack
wrongdoings	wrongdoing
zetas	zeta
abutting	abutt
academicians	academician
anemones	anemone
appeased	appease
arcing	arc
arrhythmias	arrhythmia
arrowheads	arrowhead
ascents	ascent
baseballs	baseball
begone	bego
bitched	bitch
bladders	bladder
blanketed	blanket
blotches	blotch
bonnets	bonnet
browner	brown
candelabra	candelabrum
canteens	canteen
catchphrases	catchphrase
centaurs	centaur
checkups	checkup
chumps	chump
coarsely	coarse
commending	commend
congregated	congregate
consortia	consortium
corns	corn
couplers	coupler
cradling	cradle
cultivates	cultivate
cyberattacks	cyberattack
deadlocked	deadlock
deflects	deflect
delighting	delight
deplored	deplore
detonators	detonator
dialling	dial
disbursements	disbursement
disclaimers	disclaimer
duller	dull
egging	egg
elbowed	elbow
embalmed	embalm
ensconced	ensconce
entrusting	entrust
envisages	envisage
erodes	erode
exacted	exact
expendables	expendable
extolling	extoll
faxes	fax
flexes	flex
floridians	floridian
formers	former
fossilised	fossilise
fractals	fractal
fredericks	frederick
glazes	glaze
gongs	gong
grooving	groove
handicapping	handicap
harries	harry
hitches	hitch
honeys	honey
hoots	hoot
housekeepers	housekeeper
hurries	hurry
ilia	ilium
immunizations	immunization
infiltrates	infiltrate
intimates	intimate
isoforms	isoform
keeling	keel
kilowatts	kilowatt
kindled	kindle
lattices	lattice
locos	loco
lusting	lust
macaques	macaque
mailers	mailer
materialised	materialise
meanders	meander
megabytes	megabyte
minimised	minimise
ministered	minister
minstrels	minstrel
mortifying	mortify
motioned	motion
motorcycling	motorcycle
mouldings	moulding
mutes	mute
numbed	numb
nylons	nylon
offloading	offload
outfitting	outfit
outperforms	outperform
outrages	outrage
overstating	overstate
paged	page
papas	papa
pitying	pity
pixelated	pixelate
pluses	plus
poodles	poodle
presidencies	presidency
prostheses	prosthesis
putts	putt
radiologists	radiologist
reprinting	reprint
reprising	reprise
resonators	resonator
restaurateurs	restaurateur
saboteurs	saboteur
samplers	sampler
sceptics	sceptic
shagging	shag
shunting	shunt
shutouts	shutout
sikes	sike
simmered	simmer
slavers	slaver
slaving	slave
smartwatches	smartwatch
smelters	smelter
snores	snore
soothed	soothe
spats	spat
spews	spew
squeaked	squeak
staggers	stagger
streetlights	streetlight
superconductors	superconductor
supremes	supreme
swatting	swat
thundered	thunder
tithing	tithe
transients	transient
trembles	tremble
turbans	turban
verticals	vertical
vied	vie
voles	vole
waders	wader
wails	wail
wanderings	wandering
wellies	welly
whirring	whirr
windings	winding
workflows	workflow
zapped	zap
abrasives	abrasive
absurdities	absurdity
airbrushed	airbrush
anesthetics	anesthetic
annexes	annexe
approximating	approximate
armchairs	armchair
bamboozled	bamboozle
blockades	blockade
blockading	blockade
blowouts	blowout
brambles	bramble
brimmed	brim
bushfires	bushfire
buttresses	buttress
buyouts	buyout
calibrating	calibrate
cals	cal
calving	calve
chanced	chance
channelling	channel
christmases	christmas
cosmonauts	cosmonaut
cyanobacteria	cyanobacterium
cynics	cynic
dears	dear
deflating	deflate
descents	descent
didst	do
discos	disco
disinfecting	disinfect
diuretics	diuretic
dolled	doll
dynamos	dynamo
eddies	eddy
edifying	edify
eggshells	eggshell
emanated	emanate
enslaving	enslave
entombed	entomb
erasers	eraser
evaluators	evaluator
foci	focus
forgoing	forgo
forme	form
gambles	gamble
geosciences	geoscience
getters	getter
grantees	grantee
harbouring	harbour
harried	harry
harriers	harrier
heaved	heave
hoarders	hoarder
hydrates	hydrate
hyphae	hypha
integrations	integration
kitted	kit
kneed	knee
knifed	knife
larks	lark
legionnaires	legionnaire
leos	leo
levying	levy
limos	limo
masturbated	masturbate
meshed	mesh
miserables	miserable
mismatches	mismatch
modulators	modulator
molesters	molester
multiplexing	multiplex
noes	no
nudges	nudge
oncologists	oncologist
outpaced	outpace
overdosing	overdose
overstepping	overstep
pacifists	pacifist
paddies	paddy
peddlers	peddler
pedestals	pedestal
pimped	pimp
ploughs	plough
possums	possum
publicists	publicist
pummeled	pummel
railroading	railroad
ramblers	rambler
rationalizing	rationalize
redder	red
remotest	remote
repels	repel
repositioned	reposition
retorts	retort
retrievers	retriever
riflemen	rifleman
rocketing	rocket
saddening	sadden
sailings	sailing
scandinavians	scandinavian
serums	serum
singularities	singularity
skewered	skewer
slaughterhouses	slaughterhouse
slivers	sliver
snorkelling	snorkel
socials	social
soli	solo
stabilising	stabilise
steamships	steamship
stipends	stipend
subplots	subplot
succumbs	succumb
supers	super
swoops	swoop
syncs	sync
technics	technic
threshing	thresh
throngs	throng
transsexuals	transsexual
tunics	tunic
typefaces	typeface
unpainted	unpaint
vandalised	vandalise
verging	verge
vespers	vesper
warps	warp
wisps	wisp
woodcuts	woodcut
wrested	wrest
abbots	abbot
absolutes	absolute
acknowledgements	acknowledgement
barrens	barren
belay	belie
biomaterials	biomaterial
blacklisting	blacklist
blanking	blank
brokering	broker
buffed	buff
bungled	bungle
cafeterias	cafeteria
capitalised	capitalise
centrifuges	centrifuge
cerevisiae	cerevisia
clamouring	clamour
cloistered	cloister
contoured	contour
cooing	coo
cordoned	cordon
cubits	cubit
cultists	cultist
cushioning	cushion
dakotas	dakota
defused	defuse
dendrites	dendrite
dumbing	dumb
emporia	emporium
encroached	encroach
endeavored	endeavor
extorting	extort
felines	feline
forfeiting	forfeit
functionalities	functionality
grasps	grasp
greenest	green
heightening	heighten
heightens	heighten
hieroglyphs	hieroglyph
honked	honk
hotlines	hotline
implanting	implant
imprinting	imprint
infiltrators	infiltrator
initialized	initialize
institutionalised	institutionalise
interstates	interstate
ironies	irony
irritants	irritant
jabbing	jab
jeering	jeer
jostling	jostle
knockers	knocker
lambasted	lambaste
lapels	lapel
leant	lean
logins	login
mainstays	mainstay
manes	mane
micrometers	micrometer
misquoted	misquote
moldings	molding
nanomaterials	nanomaterial
nastier	nasty
octopuses	octopus
orifices	orifice
ostriches	ostrich
overslept	oversleep
pansies	pansy
pelting	pelt
perforations	perforation
petted	pet
physicals	physical
planed	plane
plasmids	plasmid
pomegranates	pomegranate
quaking	quake
quickening	quicken
randoms	random
redecorating	redecorate
reformulated	reformulate
refrains	refrain
rehired	rehire
repos	repo
resourced	resource
ringers	ringer
rippled	ripple
robed	robe
sated	sate
scatters	scatter
sheaves	sheave
slurring	slur
snowmen	snowman
solicitations	solicitation
songbirds	songbird
soonest	soon
sprigs	sprig
straddled	straddle
stuttered	stutter
sunburned	sunburn
swatted	swat
sways	sway
swum	swim
tablecloths	tablecloth
telomeres	telomere
thistles	thistle
toughened	toughen
transgendered	transgender
trudged	trudge
turnstiles	turnstile
unmasking	unmask
unravelling	unravel
vagrants	vagrant
vulcans	vulcan
wailed	wail
webpages	webpage
wks	wk
abscesses	abscess
acquiesced	acquiesce
alums	alum
androgens	androgen
antipsychotics	antipsychotic
appellants	appellant
apprehending	apprehend
aqueducts	aqueduct
aromatics	aromatic
aspergers	asperger
astrocytes	astrocyte
awakes	awake
backwaters	backwater
bazaars	bazaar
betrayals	betrayal
biologics	biologic
blinkers	blinker
bludgeoned	bludgeon
boners	boner
boogers	booger
bulldozed	bulldoze
burgesses	burgess
buzzes	buzz
calibers	caliber
carbons	carbon
carting	cart
chided	chide
coercing	coerce
compacts	compact
contingents	contingent
denigrating	denigrate
dines	dine
dissociated	dissociate
duelling	duel
eardrums	eardrum
ebbing	ebb
enmeshed	enmesh
enquiring	enquire
equips	equip
estrogens	estrogen
euphemisms	euphemism
evades	evade
evicting	evict
exaggerations	exaggeration
exertions	exertion
exhorted	exhort
fertilisers	fertiliser
fitters	fitter
fluttered	flutter
ganging	gang
ghats	ghat
glues	glue
gonads	gonad
hollered	holler
hombres	hombre
hundredths	hundredth
idealists	idealist
impressionists	impressionist
incubating	incubate
inquisitors	inquisitor
interning	interne
invariants	invariant
ironworks	ironwork
jaywalking	jaywalk
jinks	jink
kas	ka
kilts	kilt
kingfishers	kingfisher
lazier	lazy
likenesses	likeness
likening	liken
lookouts	lookout
loosens	loosen
manhandled	manhandle
marshalling	marshal
meridians	meridian
metamorphoses	metamorphose
migs	mig
misheard	mishear
mistreating	mistreat
moos	moo
moustaches	moustache
mse	ms
mutineers	mutineer
mutts	mutt
nauseated	nauseate
overhearing	overhear
panoramas	panorama
pardoning	pardon
parsnips	parsnip
patios	patio
peacemakers	peacemaker
pitta	pita
plummets	plummet
poring	pore
postmarked	postmark
preoccupations	preoccupation
prequels	prequel
prerecorded	prerecord
proffered	proffer
reactionaries	reactionary
readies	ready
readmitted	readmit
recognitions	recognition
regimented	regiment
reignited	reignite
reinterpreted	reinterpret
resuscitated	resuscitate
sailboats	sailboat
saunas	sauna
savoring	savor
scapegoating	scapegoat
scoffing	scoff
scrapers	scraper
sectionals	sectional
seers	seer
separators	separator
sheaths	sheath
slackers	slacker
snaked	snake
snaking	snake
sniffles	sniffle
splintering	splinter
spoofed	spoof
stabler	stable
stammering	stammer
strafing	strafe
sufficed	suffice
suffices	suffice
sycophants	sycophant
thumped	thump
torching	torch
totems	totem
towered	tower
traumatizing	traumatize
trots	trot
trudging	trudge
tweens	tween
undercuts	undercut
underscoring	underscore
uninstalled	uninstall
uprights	upright
vintages	vintage
weeklies	weekly
weevils	weevil
wildlands	wildland
wincing	wince
worsted	worst
wreaked	wreak
aborting	abort
abounded	abound
ached	ache
adulterated	adulterate
aneurysms	aneurysm
attics	attic
availing	avail
awestruck	awestrike
bathers	bather
befits	befit
begat	beget
beveled	bevel
binging	binge
breaded	bread
broods	brood
burbs	burb
campfires	campfire
cardholders	cardholder
chaperones	chaperone
churns	churn
clotted	clot
collating	collate
contraptions	contraption
convertibles	convertible
corded	cord
courtrooms	courtroom
crossbows	crossbow
daredevils	daredevil
deformations	deformation
dicking	dick
diffusing	diffuse
disintegrates	disintegrate
disparaged	disparage
dispelling	dispell
dissed	diss
ellipses	ellipse
engravers	engraver
epitomized	epitomize
expropriated	expropriate
falters	falter
feelers	feeler
flayed	flay
fleeced	fleece
flickered	flicker
flickers	flicker
frequents	frequent
gayest	gay
gins	gin
griping	gripe
grudging	grudge
headhunters	headhunter
heckled	heckle
herniated	herniate
howards	howard
humped	hump
icicles	icicle
indulges	indulge
interpolated	interpolate
invoicing	invoice
iterated	iterate
jammers	jammer
jiggling	jiggle
leashes	leash
littler	little
mangos	mango
microtubules	microtubule
migrates	migrate
mimosas	mimosa
minivans	minivan
misaligned	misalign
motivators	motivator
mutating	mutate
nags	nag
notching	notch
optimists	optimist
outdid	outdo
outsold	outsell
overcharging	overcharge
overshot	overshoot
parodying	parody
pawned	pawn
peeped	peep
pfs	pf
piggies	piggy
placings	placing
plantains	plantain
pneumoniae	pneumonia
premised	premise
programing	program
proofed	proof
quieted	quiet
rambles	ramble
rayed	ray
reaves	reave
recedes	recede
reheated	reheat
reinvigorated	reinvigorate
reneged	renege
retweeting	retweet
rewatched	rewatch
schemas	schema
scientologists	scientologist
scoffs	scoff
scrapbooking	scrapbook
seaports	seaport
secreting	secrete
sexualities	sexuality
shaders	shader
sierras	sierra
siphoned	siphon
sissies	sissy
smuts	smut
snitching	snitch
sobered	sober
stipulating	stipulate
stringers	stringer
tasered	taser
teed	tee
temperaments	temperament
tenures	tenure
thumps	thump
treetops	treetop
ultrasounds	ultrasound
vacating	vacate
vaccinating	vaccinate
ventricles	ventricle
verges	verge
vigils	vigil
visualizations	visualization
vouched	vouch
wafting	waft
weeded	weed
whisking	whisk
wilting	wilt
woodpeckers	woodpecker
americanized	americanize
anions	anion
aphorisms	aphorism
arseholes	arsehole
ballooned	balloon
barbies	barbie
bathes	bathe
befallen	befall
binned	bin
bleating	bleat
bonobos	bonobo
buybacks	buyback
carves	carve
cherishing	cherish
cisterns	cistern
clued	clue
cluttering	clutter
coarser	coarse
colonials	colonial
concurs	concur
conjunctions	conjunction
conservators	conservator
constricting	constrict
contras	contra
coots	coot
copycats	copycat
cowed	cow
crannies	cranny
crapped	crap
creasing	crease
crowed	crow
curriculums	curriculum
daunted	daunt
deadlier	deadly
debits	debit
decomposes	decompose
decrypted	decrypt
defamed	defame
densest	dense
depreciated	depreciate
depreciating	depreciate
devises	devise
dietitians	dietitian
doms	dom
eluding	elude
embarrasses	embarrass
enameled	enamel
encumbered	encumber
enlivened	enliven
epochs	epoch
eschewing	eschew
exasperating	exasperate
expulsions	expulsion
extents	extent
extolled	extoll
extraterrestrials	extraterrestrial
fainter	faint
farmworkers	farmworker
feasted	feast
finales	finale
firebirds	firebird
formalised	formalise
founds	found
frocks	frock
funnies	funny
gallstones	gallstone
goaded	goad
gratings	grating
hackneyed	hackney
howitzers	howitzer
inched	inch
inducements	inducement
jinxed	jinx
keystrokes	keystroke
lacquered	lacquer
lefts	left
levitating	levitate
lilacs	lilac
mammograms	mammogram
mechanised	mechanise
methylated	methylate
miscreants	miscreant
monogrammed	monogram
musics	music
mustering	muster
nosebleeds	nosebleed
notaries	notary
obliterating	obliterate
outsized	outsize
outstripped	outstrip
overextended	overextend
overreaching	overreach
overspending	overspend
patenting	patent
peeved	peeve
perpetrating	perpetrate
playthings	plaything
pleadings	pleading
predicates	predicate
presences	presence
prioritised	prioritise
prolongs	prolong
purrs	purr
ratifying	ratify
rectifying	rectify
redemptions	redemption
repainting	repaint
reverberating	reverberate
rezoning	rezone
rimes	rime
saris	sari
sauteed	saute
shivered	shiver
silliest	silly
slags	slag
slicked	slick
speared	spear
spools	spool
stifles	stifle
sullied	sully
superheated	superheat
supernovae	supernova
suppers	supper
tempts	tempt
thingies	thingy
treadmills	treadmill
twinned	twin
unmade	unmake
unravels	unravel
usurping	usurp
vicars	vicar
waltzes	waltz
warlocks	warlock
weirded	weird
westernized	westernize
adhesions	adhesion
annihilating	annihilate
antagonizing	antagonize
backhanded	backhand
belied	belie
blackheads	blackhead
boondocks	boondock
bottoming	bottom
breadsticks	breadstick
brining	brine
bristled	bristle
broadsides	broadside
broiled	broil
bubs	bub
bumblebees	bumblebee
bvs	bv
carbonates	carbonate
chauffeurs	chauffeur
chihuahuas	chihuahua
classifiers	classifier
cleverest	clever
contraindicated	contraindicate
crashers	crasher
crofts	croft
curates	curate
dappled	dapple